fecha,macrosector_id,macrosector,ise_var_anual,ipc_var_anual,tpm,var_empleo_anual,ipp_var_anual,costo_var,ise_es_real,ise_norm,emp_norm,costo_norm,tpm_norm,icds,estado,estado_nombre,vulnerabilidad
2015-01,M01,Agropecuario,2.9801,3.82,,,,3.82,True,0.5856,,0.6847,,0.6186,S2,Crecimiento,Moderada
2015-02,M01,Agropecuario,2.6462,4.36,,,,4.36,True,0.5315,,0.6396,,0.5675,S3,Estabilidad,Moderada
2015-03,M01,Agropecuario,2.9813,4.56,,,,4.56,True,0.5946,,0.5856,,0.5916,S3,Estabilidad,Moderada
2015-04,M01,Agropecuario,3.2887,4.64,,,,4.64,True,0.6216,,0.5676,,0.6036,S2,Crecimiento,Moderada
2015-05,M01,Agropecuario,2.9136,4.41,,,,4.41,True,0.5676,,0.6306,,0.5886,S3,Estabilidad,Moderada
2015-06,M01,Agropecuario,3.0476,4.42,,,,4.42,True,0.6036,,0.6216,,0.6096,S2,Crecimiento,Moderada
2015-07,M01,Agropecuario,3.4464,4.46,,,,4.46,True,0.6396,,0.6036,,0.6276,S2,Crecimiento,Moderada
2015-08,M01,Agropecuario,4.0314,4.74,,,,4.74,True,0.6757,,0.5586,,0.6367,S2,Crecimiento,Moderada
2015-09,M01,Agropecuario,4.3788,5.35,,,,5.35,True,0.7387,,0.5315,,0.6696,S2,Crecimiento,Moderada
2015-10,M01,Agropecuario,4.263,5.89,,,,5.89,True,0.7027,,0.4955,,0.6336,S2,Crecimiento,Moderada
2015-11,M01,Agropecuario,4.3,6.39,,,,6.39,True,0.7207,,0.4865,,0.6426,S2,Crecimiento,Moderada
2015-12,M01,Agropecuario,4.3,6.77,,,,6.77,True,0.7207,,0.4685,,0.6366,S2,Crecimiento,Moderada
2016-01,M01,Agropecuario,-1.8721,7.45,,-3.2278,18.0676,18.0676,True,0.027,0.1414,0.1802,,0.0967,S5,Contracción,Alta
2016-02,M01,Agropecuario,-0.0289,7.59,6.0,-1.8321,17.9049,17.9049,True,0.1532,0.2424,0.1892,0.718,0.2674,S4,Decrecimiento,Media
2016-03,M01,Agropecuario,0.8593,7.98,6.0,-1.3783,14.7103,14.7103,True,0.2883,0.303,0.2432,0.718,0.3474,S4,Decrecimiento,Media
2016-04,M01,Agropecuario,0.4929,7.93,6.0,5.7789,18.2099,18.2099,True,0.2432,0.8283,0.1712,0.718,0.4463,S3,Estabilidad,Moderada
2016-05,M01,Agropecuario,0.1293,8.2,6.9677,0.3686,23.0505,23.0505,True,0.1892,0.4545,0.1441,0.6634,0.3176,S4,Decrecimiento,Media
2016-06,M01,Agropecuario,0.4499,8.6,7.0,2.9224,24.5214,24.5214,True,0.2342,0.6566,0.1261,0.6543,0.3812,S4,Decrecimiento,Media
2016-07,M01,Agropecuario,-1.4419,8.97,7.0,3.029,24.4392,24.4392,True,0.045,0.6869,0.1351,0.6543,0.3149,S4,Decrecimiento,Media
2016-08,M01,Agropecuario,0.0186,8.1,7.0,6.3994,12.651,12.651,True,0.1712,0.8687,0.3063,0.6543,0.4451,S3,Estabilidad,Moderada
2016-09,M01,Agropecuario,0.7297,7.27,7.0,-3.6934,8.8446,8.8446,True,0.2703,0.1111,0.3964,0.6543,0.3133,S4,Decrecimiento,Media
2016-10,M01,Agropecuario,1.162,6.48,7.0,-2.367,5.8562,5.8562,True,0.3333,0.2323,0.5045,0.6543,0.3904,S4,Decrecimiento,Media
2016-11,M01,Agropecuario,2.2825,5.96,7.0,-1.7686,4.5219,4.5219,True,0.4955,0.2727,0.5946,0.6543,0.4834,S3,Estabilidad,Moderada
2016-12,M01,Agropecuario,2.7367,5.75,7.0,-3.2151,1.0472,1.0472,True,0.5495,0.1515,0.7838,0.6543,0.5126,S3,Estabilidad,Moderada
2017-01,M01,Agropecuario,9.9076,5.47,7.0,5.9211,-0.6868,-0.6868,True,0.991,0.8384,0.8829,0.6543,0.8807,S1,Aceleración,Baja
2017-02,M01,Agropecuario,9.1701,5.18,7.0,0.186,-3.2165,-3.2165,True,0.973,0.4444,0.955,0.6543,0.7894,S2,Crecimiento,Moderada
2017-03,M01,Agropecuario,9.1233,4.69,7.0,8.8086,-2.3024,-2.3024,True,0.964,0.9192,0.9279,0.6543,0.8991,S1,Aceleración,Baja
2017-04,M01,Agropecuario,7.6302,4.66,7.0,2.5921,-3.6309,-3.6309,True,0.9009,0.6364,0.973,0.6543,0.8122,S1,Aceleración,Baja
2017-05,M01,Agropecuario,7.8074,4.37,7.0,11.2617,-6.2575,-6.2575,True,0.9189,0.9798,0.982,0.6543,0.9071,S1,Aceleración,Baja
2017-06,M01,Agropecuario,8.6668,3.99,7.0,2.1393,-7.6784,-7.6784,True,0.955,0.596,0.991,0.6543,0.8273,S1,Aceleración,Baja
2017-07,M01,Agropecuario,9.575,3.4,7.0,7.9785,-8.3229,-8.3229,True,0.982,0.8889,1.0,0.6543,0.9132,S1,Aceleración,Baja
2017-08,M01,Agropecuario,8.4637,3.87,7.0,2.2756,-1.1821,-1.1821,True,0.9459,0.6061,0.8919,0.6543,0.8064,S1,Aceleración,Baja
2017-09,M01,Agropecuario,7.7621,3.97,7.0,9.9304,-1.3344,-1.3344,True,0.9099,0.9495,0.9099,0.6543,0.8815,S1,Aceleración,Baja
2017-10,M01,Agropecuario,7.1286,4.05,6.871,2.9856,-0.3431,-0.3431,True,0.8919,0.6768,0.8739,0.6725,0.8016,S1,Aceleración,Baja
2017-11,M01,Agropecuario,6.2393,4.12,5.0,8.2882,0.3249,0.3249,True,0.8468,0.9091,0.8288,0.9727,0.8777,S1,Aceleración,Baja
2017-12,M01,Agropecuario,5.5763,4.09,5.0,3.8593,0.865,0.865,True,0.8108,0.7374,0.8018,0.9727,0.8149,S1,Aceleración,Baja
2018-01,M01,Agropecuario,2.2653,3.68,5.0,7.9665,-0.0084,-0.0084,True,0.4775,0.8788,0.8468,0.9727,0.726,S2,Crecimiento,Moderada
2018-02,M01,Agropecuario,1.8013,3.37,5.0,3.5732,0.9605,0.9605,True,0.4144,0.7172,0.7928,0.9727,0.6495,S2,Crecimiento,Moderada
2018-03,M01,Agropecuario,2.1582,3.14,5.0,2.3164,1.2839,1.2839,True,0.4685,0.6263,0.7748,0.9727,0.6448,S2,Crecimiento,Moderada
2018-04,M01,Agropecuario,3.3017,3.13,5.0,0.1107,0.3471,0.3471,True,0.6306,0.4343,0.8198,0.9727,0.6707,S2,Crecimiento,Moderada
2018-05,M01,Agropecuario,3.6895,3.16,5.0,-3.1609,0.1958,0.1958,True,0.6577,0.1717,0.8378,0.9727,0.6195,S2,Crecimiento,Moderada
2018-06,M01,Agropecuario,2.4748,3.2,5.0,-0.3096,0.3928,0.3928,True,0.5225,0.3838,0.8108,0.9727,0.613,S2,Crecimiento,Moderada
2018-07,M01,Agropecuario,2.8355,3.12,5.0,-6.4775,-0.3419,-0.3419,True,0.5586,0.0707,0.8649,0.9727,0.56,S3,Estabilidad,Moderada
2018-08,M01,Agropecuario,2.2804,3.1,5.0,3.3243,-0.0684,-0.0684,True,0.4865,0.7071,0.8559,0.9727,0.6885,S2,Crecimiento,Moderada
2018-09,M01,Agropecuario,1.9197,3.23,5.0,-1.773,3.1469,3.1469,True,0.4324,0.2626,0.7207,0.9727,0.5287,S3,Estabilidad,Moderada
2018-10,M01,Agropecuario,1.981,3.33,5.0,1.1308,3.8385,3.8385,True,0.4414,0.5051,0.6757,0.9727,0.5839,S3,Estabilidad,Moderada
2018-11,M01,Agropecuario,1.7863,3.27,5.0,-1.8246,3.4515,3.4515,True,0.4054,0.2525,0.7027,0.9727,0.5117,S3,Estabilidad,Moderada
2018-12,M01,Agropecuario,1.5939,3.18,5.0,4.3037,4.6107,4.6107,True,0.3694,0.7677,0.5766,0.9727,0.6009,S2,Crecimiento,Moderada
2019-01,M01,Agropecuario,1.0944,3.15,5.0,-3.6238,5.7861,5.7861,True,0.3243,0.1212,0.5135,0.9727,0.4086,S3,Estabilidad,Moderada
2019-02,M01,Agropecuario,1.0586,3.01,5.0,-1.5819,4.3526,4.3526,True,0.3153,0.2828,0.6486,0.9727,0.4724,S3,Estabilidad,Moderada
2019-03,M01,Agropecuario,-0.0532,3.21,5.0,-12.2858,4.9871,4.9871,True,0.1351,0.0,0.5495,0.9727,0.3098,S4,Decrecimiento,Media
2019-04,M01,Agropecuario,0.3552,3.25,5.0,-11.7487,7.7624,7.7624,True,0.2162,0.0101,0.4324,0.9727,0.3214,S4,Decrecimiento,Media
2019-05,M01,Agropecuario,1.4677,3.31,5.0,-4.553,9.7298,9.7298,True,0.3604,0.101,0.3784,0.9727,0.391,S4,Decrecimiento,Media
2019-06,M01,Agropecuario,1.3214,3.43,5.0,1.8537,11.4145,11.4145,True,0.3423,0.5556,0.3514,0.9727,0.492,S3,Estabilidad,Moderada
2019-07,M01,Agropecuario,1.6548,3.79,5.0,-3.209,12.7638,12.7638,True,0.3874,0.1616,0.2973,0.9727,0.4007,S3,Estabilidad,Moderada
2019-08,M01,Agropecuario,2.0887,3.75,5.0,-7.7602,12.9029,12.9029,True,0.4505,0.0303,0.2883,0.9727,0.3913,S4,Decrecimiento,Media
2019-09,M01,Agropecuario,2.1415,3.82,5.0,-5.7751,12.9686,12.9686,True,0.4595,0.0909,0.2793,0.9727,0.4083,S3,Estabilidad,Moderada
2019-10,M01,Agropecuario,2.3962,3.86,5.0,-0.3593,12.3166,12.3166,True,0.5045,0.3737,0.3243,0.9727,0.506,S3,Estabilidad,Moderada
2019-11,M01,Agropecuario,2.4481,3.84,5.0,-6.7212,9.2512,9.2512,True,0.5135,0.0505,0.3874,0.9727,0.4414,S3,Estabilidad,Moderada
2019-12,M01,Agropecuario,2.7173,3.8,5.0,-2.8697,6.4529,6.4529,True,0.5405,0.2121,0.4775,0.9727,0.5106,S3,Estabilidad,Moderada
2020-01,M01,Agropecuario,5.9244,3.62,5.0,-5.8505,4.3773,4.3773,True,0.8288,0.0909,0.6306,0.9727,0.6263,S2,Crecimiento,Moderada
2020-02,M01,Agropecuario,6.787,3.72,5.0,-8.1553,7.3013,7.3013,True,0.8919,0.0303,0.4505,0.9727,0.6003,S2,Crecimiento,Moderada
2020-03,M01,Agropecuario,5.3896,3.86,5.0,-2.7003,12.2964,12.2964,True,0.8108,0.2222,0.3243,0.9727,0.5906,S3,Estabilidad,Moderada
2020-04,M01,Agropecuario,4.5236,3.51,5.0,-8.0619,12.3865,12.3865,True,0.7568,0.0303,0.3153,0.9727,0.5193,S3,Estabilidad,Moderada
2020-05,M01,Agropecuario,2.4187,2.85,5.0,-13.862773663097336,10.292,10.292,True,0.5135,0.0,0.3604,0.9727,0.4234,S3,Estabilidad,Moderada
2020-06,M01,Agropecuario,2.1977,2.19,5.0,-13.862773663097336,5.5271,5.5271,True,0.4775,0.0,0.5225,0.9727,0.4414,S3,Estabilidad,Moderada
2020-07,M01,Agropecuario,1.9811,1.97,5.0,-5.2555,4.7087,4.7087,True,0.4505,0.101,0.5586,0.9727,0.4631,S3,Estabilidad,Moderada
2020-08,M01,Agropecuario,1.3525,1.88,5.0,0.9177,4.847,4.847,True,0.3514,0.5051,0.5495,0.9727,0.5226,S3,Estabilidad,Moderada
2020-09,M01,Agropecuario,1.7782,1.97,2.0,-0.6375,4.9624,4.9624,True,0.4054,0.3636,0.5495,1.0,0.513,S3,Estabilidad,Moderada
2020-10,M01,Agropecuario,1.5157,1.75,2.0,-7.1723,4.8631,4.8631,True,0.3694,0.0404,0.5495,1.0,0.4178,S3,Estabilidad,Moderada
2020-11,M01,Agropecuario,1.4356,1.49,2.0,-4.2572,7.48,7.48,True,0.3604,0.1111,0.4414,1.0,0.4102,S3,Estabilidad,Moderada
2020-12,M01,Agropecuario,1.9607,1.61,2.0,-5.3631,9.2871,9.2871,True,0.4414,0.101,0.3784,1.0,0.4275,S3,Estabilidad,Moderada
2021-01,M01,Agropecuario,-0.7926,1.6,2.0,-1.6723,12.6346,12.6346,True,0.0721,0.2828,0.3063,1.0,0.3108,S4,Decrecimiento,Media
2021-02,M01,Agropecuario,-1.2902,1.56,2.0,-9.1987,13.0677,13.0677,True,0.0631,0.0303,0.2703,1.0,0.2369,S4,Decrecimiento,Media
2021-03,M01,Agropecuario,3.8795,1.51,2.0,3.7475,10.4902,10.4902,True,0.6667,0.7273,0.3604,1.0,0.6706,S2,Crecimiento,Moderada
2021-04,M01,Agropecuario,5.786,1.95,2.0,7.5195,11.6135,11.6135,True,0.8288,0.8788,0.3333,1.0,0.7679,S2,Crecimiento,Moderada
2021-05,M01,Agropecuario,4.2811,3.3,2.0,15.86182820855188,20.0885,20.0885,True,0.7117,1.0,0.1532,1.0,0.7153,S2,Crecimiento,Moderada
2021-06,M01,Agropecuario,5.0506,3.63,2.0,-4.0942,19.8437,19.8437,True,0.7928,0.1111,0.1532,1.0,0.5255,S3,Estabilidad,Moderada
2021-07,M01,Agropecuario,4.9097,3.97,2.0,6.8894,21.7436,21.7436,True,0.7658,0.8788,0.1441,1.0,0.7048,S2,Crecimiento,Moderada
2021-08,M01,Agropecuario,4.6176,4.44,2.0,-12.0742,22.6669,22.6669,True,0.7568,0.0101,0.1441,1.0,0.4841,S3,Estabilidad,Moderada
2021-09,M01,Agropecuario,4.5505,4.51,2.0,-8.0836,21.5268,21.5268,True,0.7568,0.0303,0.1441,1.0,0.4891,S3,Estabilidad,Moderada
2021-10,M01,Agropecuario,4.6447,4.58,2.0,-5.1104,22.7586,22.7586,True,0.7568,0.101,0.1441,1.0,0.5068,S3,Estabilidad,Moderada
2021-11,M01,Agropecuario,4.8419,5.26,2.0,-3.6677,26.3926,26.3926,True,0.7658,0.1212,0.1081,1.0,0.5082,S3,Estabilidad,Moderada
2021-12,M01,Agropecuario,4.3735,5.62,2.3871,-6.9565,33.6566,33.6566,True,0.7387,0.0505,0.0901,1.0,0.4761,S3,Estabilidad,Moderada
2022-01,M01,Agropecuario,-0.1666,6.94,3.0323,-3.0775,42.5839,42.5839,True,0.1171,0.1818,0.036,1.0,0.2495,S4,Decrecimiento,Media
2022-02,M01,Agropecuario,0.9547,8.01,4.0,4.5111,49.7407,49.7407,True,0.3063,0.7879,0.009,0.9909,0.4699,S3,Estabilidad,Moderada
2022-03,M01,Agropecuario,-1.4006,8.53,4.0,2.9391,45.4673,45.4673,True,0.0541,0.6667,0.018,0.9909,0.3405,S4,Decrecimiento,Media
2022-04,M01,Agropecuario,-1.7103,9.23,5.0,5.9248,44.7038,44.7038,True,0.036,0.8485,0.027,0.9727,0.3778,S4,Decrecimiento,Media
2022-05,M01,Agropecuario,0.6308,9.07,5.9677,10.6469,32.1113,32.1113,True,0.2523,0.9697,0.1081,0.7271,0.474,S3,Estabilidad,Moderada
2022-06,M01,Agropecuario,0.3186,9.67,6.0,5.3551,37.8667,37.8667,True,0.2072,0.798,0.0631,0.718,0.4027,S3,Estabilidad,Moderada
2022-07,M01,Agropecuario,-0.14,10.21,6.0,-0.8929,37.3732,37.3732,True,0.1261,0.3434,0.0811,0.718,0.2602,S4,Decrecimiento,Media
2022-08,M01,Agropecuario,0.388,10.84,9.0,-0.8855,37.7753,37.7753,True,0.2252,0.3535,0.0721,0.5087,0.2692,S4,Decrecimiento,Media
2022-09,M01,Agropecuario,-0.0438,11.44,9.0333,9.1878,39.4576,39.4576,True,0.1441,0.9293,0.0541,0.4996,0.3757,S4,Decrecimiento,Media
2022-10,M01,Agropecuario,-0.4933,12.22,10.0323,3.9865,39.7214,39.7214,True,0.0991,0.7475,0.045,0.4905,0.3091,S4,Decrecimiento,Media
2022-11,M01,Agropecuario,-0.6832,12.53,11.0,2.1111,36.9727,36.9727,True,0.0811,0.5859,0.0901,0.4814,0.2691,S4,Decrecimiento,Media
2022-12,M01,Agropecuario,-0.9074,13.12,11.4194,-2.8993,33.4604,33.4604,True,0.0631,0.202,0.0991,0.4723,0.1664,S5,Contracción,Alta
2023-01,M01,Agropecuario,1.825,13.25,12.0,-0.2047,25.3853,25.3853,True,0.4234,0.404,0.1171,0.4632,0.3633,S4,Decrecimiento,Media
2023-02,M01,Agropecuario,0.6668,13.28,12.0,4.3084,20.4903,20.4903,True,0.2613,0.7778,0.1532,0.4632,0.3991,S4,Decrecimiento,Media
2023-03,M01,Agropecuario,0.9124,13.34,12.0323,5.5126,18.7395,18.7395,True,0.2973,0.8081,0.1622,0.445,0.4201,S3,Estabilidad,Moderada
2023-04,M01,Agropecuario,-0.7504,12.82,13.0,5.9778,11.323,11.323,True,0.0721,0.8586,0.3604,0.4359,0.381,S4,Decrecimiento,Media
2023-05,M01,Agropecuario,-0.648,12.36,13.0,-2.631,9.7942,9.7942,True,0.0901,0.2222,0.3694,0.4359,0.2309,S4,Decrecimiento,Media
2023-06,M01,Agropecuario,-0.2393,12.13,13.0,-0.25,5.5782,5.5782,True,0.1081,0.3939,0.5225,0.4359,0.3116,S4,Decrecimiento,Media
2023-07,M01,Agropecuario,0.0139,11.78,13.0,1.8411,2.7801,2.7801,True,0.1622,0.5455,0.7568,0.4359,0.418,S3,Estabilidad,Moderada
2023-08,M01,Agropecuario,0.0512,11.43,13.0,5.6812,4.4536,4.4536,True,0.1802,0.8182,0.6126,0.4359,0.4645,S3,Estabilidad,Moderada
2023-09,M01,Agropecuario,0.309,10.99,13.0,-3.0207,5.0397,5.0397,True,0.1982,0.1919,0.5405,0.4359,0.3007,S4,Decrecimiento,Media
2023-10,M01,Agropecuario,0.7528,10.48,13.0,0.0998,4.1685,4.1685,True,0.2793,0.4242,0.6577,0.4359,0.4147,S3,Estabilidad,Moderada
2023-11,M01,Agropecuario,1.3933,10.15,13.0,2.8367,2.1396,2.1396,True,0.3514,0.6465,0.7658,0.4359,0.5207,S3,Estabilidad,Moderada
2023-12,M01,Agropecuario,1.6486,9.28,13.0,1.4694,-1.2047,-1.2047,True,0.3784,0.5253,0.9009,0.4359,0.5282,S3,Estabilidad,Moderada
2024-01,M01,Agropecuario,8.1583,8.35,13.0,8.2596,-3.031,-3.031,True,0.9279,0.899,0.9459,0.4359,0.8505,S1,Aceleración,Baja
2024-02,M01,Agropecuario,8.3998,7.74,13.0,-1.0444,-3.4129,-3.4129,True,0.9369,0.3333,0.964,0.4359,0.7163,S2,Crecimiento,Moderada
2024-03,M01,Agropecuario,4.1373,7.36,13.0,-5.8972,-2.4351,-2.4351,True,0.6937,0.0808,0.9369,0.4359,0.5504,S3,Estabilidad,Moderada
2024-04,M01,Agropecuario,5.355,7.16,13.0,-3.3323,3.34,3.34,True,0.8018,0.1313,0.7117,0.4359,0.5613,S3,Estabilidad,Moderada
2024-05,M01,Agropecuario,5.7256,7.16,13.0,-0.6091,7.683,7.683,True,0.8198,0.3636,0.4414,0.4359,0.5725,S3,Estabilidad,Moderada
2024-06,M01,Agropecuario,5.0227,7.18,13.0,0.5042,12.4041,12.4041,True,0.7838,0.4646,0.3153,0.4359,0.5581,S3,Estabilidad,Moderada
2024-07,M01,Agropecuario,6.2921,6.86,13.0,0.8902,14.75,14.75,True,0.8559,0.4949,0.2342,0.4359,0.5783,S3,Estabilidad,Moderada
2024-08,M01,Agropecuario,6.4608,6.12,13.0,2.3109,7.2834,7.2834,True,0.8739,0.6162,0.4595,0.4359,0.6609,S2,Crecimiento,Moderada
2024-09,M01,Agropecuario,6.3386,5.81,13.0,3.0892,7.832,7.832,True,0.8649,0.697,0.4234,0.4359,0.6703,S2,Crecimiento,Moderada
2024-10,M01,Agropecuario,6.5906,5.41,13.0,-1.5716,8.5352,8.5352,True,0.8829,0.2929,0.4054,0.4359,0.5729,S3,Estabilidad,Moderada
2024-11,M01,Agropecuario,6.0466,5.2,13.0,-1.2177,13.5965,13.5965,True,0.8288,0.3232,0.2613,0.4359,0.53,S3,Estabilidad,Moderada
2024-12,M01,Agropecuario,6.1279,5.2,13.0,1.1767,16.5723,16.5723,True,0.8378,0.5152,0.1982,0.4359,0.5689,S3,Estabilidad,Moderada
2025-01,M01,Agropecuario,2.9718,5.22,13.0,0.5125,16.0003,16.0003,True,0.5766,0.4747,0.2072,0.4359,0.4561,S3,Estabilidad,Moderada
2025-02,M01,Agropecuario,1.7349,5.28,13.0,4.0455,15.8551,15.8551,True,0.3964,0.7576,0.2162,0.4359,0.4566,S3,Estabilidad,Moderada
2025-03,M01,Agropecuario,5.0015,5.09,13.0,11.5258,15.344,15.344,True,0.7748,0.9899,0.2252,0.4359,0.6678,S2,Crecimiento,Moderada
2025-04,M01,Agropecuario,5.3013,5.16,13.0,0.77,11.4923,11.4923,True,0.7928,0.4848,0.3423,0.4359,0.5722,S3,Estabilidad,Moderada
2025-05,M01,Agropecuario,4.7267,5.05,13.0,1.9153,7.9733,7.9733,True,0.7568,0.5758,0.4144,0.4359,0.5949,S3,Estabilidad,Moderada
2025-06,M01,Agropecuario,4.9141,4.82,13.0,1.4798,3.7301,3.7301,True,0.7658,0.5354,0.6937,0.4359,0.6443,S2,Crecimiento,Moderada
2025-07,M01,Agropecuario,4.3921,4.9,13.0,1.8789,7.3515,7.3515,True,0.7477,0.5657,0.4505,0.4359,0.596,S3,Estabilidad,Moderada
2025-08,M01,Agropecuario,4.1191,5.1,13.0,-6.9874,13.1508,13.1508,True,0.6847,0.0404,0.2703,0.4359,0.4034,S3,Estabilidad,Moderada
2025-09,M01,Agropecuario,4.2956,5.18,13.0,3.7535,14.5152,14.5152,True,0.7117,0.7273,0.2523,0.4359,0.5823,S3,Estabilidad,Moderada
2025-10,M01,Agropecuario,3.996,5.51,13.0,10.3742,11.972,11.972,True,0.6667,0.9596,0.3333,0.4359,0.6386,S2,Crecimiento,Moderada
2025-11,M01,Agropecuario,3.594,5.3,13.0,9.4954,2.9303,2.9303,True,0.6486,0.9394,0.7387,0.4359,0.7074,S2,Crecimiento,Moderada
2025-12,M01,Agropecuario,3.1002,5.1,13.0,-1.3448,-1.6879,-1.6879,True,0.6126,0.3131,0.9189,0.4359,0.5725,S3,Estabilidad,Moderada
2026-01,M01,Agropecuario,-2.6939,5.35,13.0,0.0274,2.9037,2.9037,True,0.0,0.4141,0.7477,0.4359,0.3185,S4,Decrecimiento,Media
2026-02,M01,Agropecuario,-2.4069,5.29,13.0,-10.7995,3.017,3.017,True,0.009,0.0202,0.7297,0.4359,0.22,S4,Decrecimiento,Media
2026-03,M01,Agropecuario,-2.4069,5.56,13.0,-6.5681,4.0544,4.0544,False,0.009,0.0606,0.6667,0.4359,0.2175,S4,Decrecimiento,Media
2015-01,M02,Minería y energía,-0.5286,3.82,13.0,,,3.82,True,0.6036,,0.4505,0.4359,0.5292,S3,Estabilidad,Moderada
2015-02,M02,Minería y energía,-3.5666,4.36,13.0,,,4.36,True,0.2793,,0.4414,0.4359,0.3538,S4,Decrecimiento,Media
2015-03,M02,Minería y energía,-2.61,4.56,13.0,,,4.56,True,0.4054,,0.4054,0.4359,0.4115,S3,Estabilidad,Moderada
2015-04,M02,Minería y energía,-0.4391,4.64,13.0,,,4.64,True,0.6216,,0.3784,0.4359,0.5196,S3,Estabilidad,Moderada
2015-05,M02,Minería y energía,0.4287,4.41,13.0,,,4.41,True,0.6577,,0.4324,0.4359,0.5533,S3,Estabilidad,Moderada
2015-06,M02,Minería y energía,0.1822,4.42,13.0,,,4.42,True,0.6486,,0.4234,0.4359,0.546,S3,Estabilidad,Moderada
2015-07,M02,Minería y energía,-0.0972,4.46,13.0,,,4.46,True,0.6396,,0.4144,0.4359,0.5388,S3,Estabilidad,Moderada
2015-08,M02,Minería y energía,-0.5738,4.74,13.0,,,4.74,True,0.5946,,0.3694,0.4359,0.5028,S3,Estabilidad,Moderada
2015-09,M02,Minería y energía,-0.7711,5.35,13.0,,,5.35,True,0.5766,,0.3514,0.4359,0.4884,S3,Estabilidad,Moderada
2015-10,M02,Minería y energía,-0.9203,5.89,13.0,,,5.89,True,0.5586,,0.3423,0.4359,0.4764,S3,Estabilidad,Moderada
2015-11,M02,Minería y energía,-0.8878,6.39,13.0,,,6.39,True,0.5676,,0.3333,0.4359,0.4788,S3,Estabilidad,Moderada
2015-12,M02,Minería y energía,-1.0574,6.77,13.0,,,6.77,True,0.5495,,0.3063,0.4359,0.4619,S3,Estabilidad,Moderada
2016-01,M02,Minería y energía,-5.1481,7.45,13.0,-17.1717,-7.4762,-7.4762,True,0.1982,0.0303,0.6847,0.4359,0.2892,S4,Decrecimiento,Media
2016-02,M02,Minería y energía,-0.6095,7.59,6.0,-15.4177,3.5899,3.5899,True,0.5856,0.0505,0.4595,0.718,0.4465,S3,Estabilidad,Moderada
2016-03,M02,Minería y energía,-1.7909,7.98,6.0,35.2228,-6.5543,-6.5543,True,0.5045,0.9798,0.6667,0.718,0.6878,S2,Crecimiento,Moderada
2016-04,M02,Minería y energía,-2.716,7.93,6.0,-10.3672,-4.0106,-4.0106,True,0.3784,0.1212,0.6396,0.718,0.4173,S3,Estabilidad,Moderada
2016-05,M02,Minería y energía,-3.0522,8.2,6.9677,-3.9213,-1.7321,-1.7321,True,0.3153,0.303,0.5766,0.6634,0.4167,S3,Estabilidad,Moderada
2016-06,M02,Minería y energía,-3.073,8.6,7.0,-6.0658,-7.5846,-7.5846,True,0.3063,0.2323,0.7027,0.6543,0.4193,S3,Estabilidad,Moderada
2016-07,M02,Minería y energía,-2.6065,8.97,7.0,-14.0403,-9.645,-9.645,True,0.4144,0.0707,0.7658,0.6543,0.4347,S3,Estabilidad,Moderada
2016-08,M02,Minería y energía,-2.4546,8.1,7.0,-14.5955,-12.3267,-12.3267,True,0.4414,0.0606,0.7838,0.6543,0.4466,S3,Estabilidad,Moderada
2016-09,M02,Minería y energía,-2.3626,7.27,7.0,0.4268,-8.7804,-8.7804,True,0.4775,0.3737,0.7297,0.6543,0.5285,S3,Estabilidad,Moderada
2016-10,M02,Minería y energía,-2.565,6.48,7.0,15.0575,0.0221,0.0221,True,0.4234,0.8182,0.5315,0.6543,0.5784,S3,Estabilidad,Moderada
2016-11,M02,Minería y energía,-2.7961,5.96,7.0,-21.3372,7.1357,7.1357,True,0.3694,0.0,0.2973,0.6543,0.3054,S4,Decrecimiento,Media
2016-12,M02,Minería y energía,-2.8849,5.75,7.0,-16.0227,0.4521,0.4521,True,0.3514,0.0404,0.5135,0.6543,0.3515,S4,Decrecimiento,Media
2017-01,M02,Minería y energía,-5.0183,5.47,7.0,17.1455,8.3672,8.3672,True,0.2072,0.8485,0.2793,0.6543,0.449,S3,Estabilidad,Moderada
2017-02,M02,Minería y energía,-6.8436,5.18,7.0,-1.6335,9.8853,9.8853,True,0.0901,0.3535,0.2523,0.6543,0.273,S4,Decrecimiento,Media
2017-03,M02,Minería y energía,-7.054,4.69,7.0,-13.3125,1.1906,1.1906,True,0.0631,0.0808,0.4955,0.6543,0.2427,S4,Decrecimiento,Media
2017-04,M02,Minería y energía,-6.7047,4.66,7.0,19.2127,3.4076,3.4076,True,0.0991,0.8788,0.4865,0.6543,0.4548,S3,Estabilidad,Moderada
2017-05,M02,Minería y energía,-5.9322,4.37,7.0,1.3031,-3.9401,-3.9401,True,0.1441,0.4343,0.6306,0.6543,0.3905,S4,Decrecimiento,Media
2017-06,M02,Minería y energía,-5.8522,3.99,7.0,9.7734,-9.0266,-9.0266,True,0.1532,0.7172,0.7477,0.6543,0.4883,S3,Estabilidad,Moderada
2017-07,M02,Minería y energía,-5.9563,3.4,7.0,25.7867,-3.4235,-3.4235,True,0.1351,0.9293,0.6126,0.6543,0.507,S3,Estabilidad,Moderada
2017-08,M02,Minería y energía,-5.97,3.87,7.0,13.2285,0.384,0.384,True,0.1261,0.7677,0.5225,0.6543,0.445,S3,Estabilidad,Moderada
2017-09,M02,Minería y energía,-6.209,3.97,7.0,-7.536,3.4725,3.4725,True,0.1081,0.202,0.4775,0.6543,0.2874,S4,Decrecimiento,Media
2017-10,M02,Minería y energía,-5.7174,4.05,6.871,-17.9536,4.5931,4.5931,True,0.1712,0.0202,0.3964,0.6725,0.2537,S4,Decrecimiento,Media
2017-11,M02,Minería y energía,-5.7144,4.12,5.0,5.2951,5.3366,5.3366,True,0.1802,0.5657,0.3604,0.9727,0.4315,S3,Estabilidad,Moderada
2017-12,M02,Minería y energía,-5.7531,4.09,5.0,8.7055,13.8419,13.8419,True,0.1622,0.6869,0.2162,0.9727,0.4258,S3,Estabilidad,Moderada
2018-01,M02,Minería y energía,-5.0142,3.68,5.0,5.7847,16.1152,16.1152,True,0.2162,0.5859,0.1982,0.9727,0.4185,S3,Estabilidad,Moderada
2018-02,M02,Minería y energía,-5.6796,3.37,5.0,7.6513,16.0522,16.0522,True,0.1892,0.6566,0.2072,0.9727,0.4272,S3,Estabilidad,Moderada
2018-03,M02,Minería y energía,-4.6015,3.14,5.0,15.1806,17.3346,17.3346,True,0.2252,0.8283,0.1892,0.9727,0.4809,S3,Estabilidad,Moderada
2018-04,M02,Minería y energía,-4.2234,3.13,5.0,2.2106,20.9828,20.9828,True,0.2523,0.4545,0.1712,0.9727,0.3947,S4,Decrecimiento,Media
2018-05,M02,Minería y energía,-4.3137,3.16,5.0,17.8005,36.3876,36.3876,True,0.2432,0.8586,0.1171,0.9727,0.4813,S3,Estabilidad,Moderada
2018-06,M02,Minería y energía,-3.7601,3.2,5.0,-6.1709,38.4919,38.4919,True,0.2703,0.2222,0.0901,0.9727,0.3276,S4,Decrecimiento,Media
2018-07,M02,Minería y energía,-3.485,3.12,5.0,0.4493,30.0093,30.0093,True,0.2883,0.3939,0.1441,0.9727,0.3885,S4,Decrecimiento,Media
2018-08,M02,Minería y energía,-2.96,3.1,5.0,2.4941,23.8385,23.8385,True,0.3333,0.4646,0.1622,0.9727,0.4278,S3,Estabilidad,Moderada
2018-09,M02,Minería y energía,-2.4961,3.23,5.0,12.6467,31.1871,31.1871,True,0.4324,0.7576,0.1351,0.9727,0.5353,S3,Estabilidad,Moderada
2018-10,M02,Minería y energía,-2.9417,3.33,5.0,19.0137,31.8695,31.8695,True,0.3423,0.8687,0.1261,0.9727,0.5252,S3,Estabilidad,Moderada
2018-11,M02,Minería y energía,-2.2723,3.27,5.0,14.5178,9.8282,9.8282,True,0.4865,0.798,0.2613,0.9727,0.5923,S3,Estabilidad,Moderada
2018-12,M02,Minería y energía,-1.6609,3.18,5.0,-4.4819,-1.5042,-1.5042,True,0.5225,0.2828,0.5586,0.9727,0.5373,S3,Estabilidad,Moderada
2019-01,M02,Minería y energía,6.8451,3.15,5.0,-7.5692,-1.5959,-1.5959,True,0.991,0.1919,0.5676,0.9727,0.7038,S2,Crecimiento,Moderada
2019-02,M02,Minería y energía,5.0622,3.01,5.0,-9.0828,6.608,6.608,True,0.982,0.1616,0.3153,0.9727,0.6422,S2,Crecimiento,Moderada
2019-03,M02,Minería y energía,4.5583,3.21,5.0,-2.235,10.5044,10.5044,True,0.964,0.3232,0.2432,0.9727,0.6609,S2,Crecimiento,Moderada
2019-04,M02,Minería y energía,4.3028,3.25,5.0,0.4456,12.1559,12.1559,True,0.9459,0.3838,0.2252,0.9727,0.6653,S2,Crecimiento,Moderada
2019-05,M02,Minería y energía,3.3137,3.31,5.0,4.7743,6.5688,6.5688,True,0.9009,0.5455,0.3243,0.9727,0.7075,S2,Crecimiento,Moderada
2019-06,M02,Minería y energía,2.585,3.43,5.0,9.4626,-0.7842,-0.7842,True,0.8288,0.7071,0.5495,0.9727,0.7641,S2,Crecimiento,Moderada
2019-07,M02,Minería y energía,2.2537,3.79,5.0,-7.9727,-2.2618,-2.2618,True,0.7748,0.1818,0.5856,0.9727,0.6184,S2,Crecimiento,Moderada
2019-08,M02,Minería y energía,1.9093,3.75,5.0,-8.0368,-4.1969,-4.1969,True,0.7207,0.1717,0.6486,0.9727,0.6068,S2,Crecimiento,Moderada
2019-09,M02,Minería y energía,1.7163,3.82,5.0,-1.8019,-8.8576,-8.8576,True,0.7117,0.3333,0.7387,0.9727,0.6616,S2,Crecimiento,Moderada
2019-10,M02,Minería y energía,2.1716,3.86,5.0,-7.0422,-14.6574,-14.6574,True,0.7658,0.2121,0.8559,0.9727,0.6764,S2,Crecimiento,Moderada
2019-11,M02,Minería y energía,2.144,3.84,5.0,24.5262,-2.7534,-2.7534,True,0.7477,0.9192,0.6036,0.9727,0.7955,S2,Crecimiento,Moderada
2019-12,M02,Minería y energía,1.9245,3.8,5.0,6.3906,9.7112,9.7112,True,0.7297,0.6061,0.2703,0.9727,0.6434,S2,Crecimiento,Moderada
2020-01,M02,Minería y energía,-5.2618,3.62,5.0,16.1971,2.5292,2.5292,True,0.1982,0.8384,0.4865,0.9727,0.5321,S3,Estabilidad,Moderada
2020-02,M02,Minería y energía,-2.037,3.72,5.0,43.96372280835907,-11.2415,-11.2415,True,0.5045,0.9899,0.7748,0.9727,0.7501,S2,Crecimiento,Moderada
2020-03,M02,Minería y energía,-4.1249,3.86,5.0,4.5945,-33.6208,-33.6208,True,0.2613,0.5354,0.982,0.9727,0.5807,S3,Estabilidad,Moderada
2020-04,M02,Minería y energía,-9.9149,3.51,5.0,8.0645,-51.9265,-51.9265,True,0.0,0.6768,1.0,0.9727,0.5151,S3,Estabilidad,Moderada
2020-05,M02,Minería y energía,-11.3985,2.85,5.0,-9.0189,-46.4807,-46.4807,True,0.0,0.1717,1.0,0.9727,0.3888,S4,Decrecimiento,Media
2020-06,M02,Minería y energía,-11.9007,2.19,5.0,23.7827,-29.0462,-29.0462,True,0.0,0.9192,0.9459,0.9727,0.5649,S3,Estabilidad,Moderada
2020-07,M02,Minería y energía,-12.4609,1.97,5.0,8.3064,-20.2049,-20.2049,True,0.0,0.6869,0.8829,0.9727,0.4942,S3,Estabilidad,Moderada
2020-08,M02,Minería y energía,-12.955,1.88,5.0,4.3522,-13.5691,-13.5691,True,0.0,0.5354,0.8108,0.9727,0.4419,S3,Estabilidad,Moderada
2020-09,M02,Minería y energía,-13.9584,1.97,2.0,-0.0567,-20.6436,-20.6436,True,0.0,0.3636,0.9009,1.0,0.4211,S3,Estabilidad,Moderada
2020-10,M02,Minería y energía,-14.148,1.75,2.0,24.0019,-17.3154,-17.3154,True,0.0,0.9192,0.8649,1.0,0.5528,S3,Estabilidad,Moderada
2020-11,M02,Minería y energía,-14.8107,1.49,2.0,-18.0318,-17.5308,-17.5308,True,0.0,0.0202,0.8649,1.0,0.328,S4,Decrecimiento,Media
2020-12,M02,Minería y energía,-15.1901,1.61,2.0,22.4193,-17.7746,-17.7746,True,0.0,0.9192,0.8649,1.0,0.5528,S3,Estabilidad,Moderada
2021-01,M02,Minería y energía,-16.5904,1.6,2.0,-4.5885,-5.9976,-5.9976,True,0.0,0.2828,0.6577,1.0,0.3522,S4,Decrecimiento,Media
2021-02,M02,Minería y energía,-15.7701,1.56,2.0,-6.9263,15.0826,15.0826,True,0.0,0.2222,0.2072,1.0,0.247,S4,Decrecimiento,Media
2021-03,M02,Minería y energía,-12.9539,1.51,2.0,13.6206,58.8657,58.8657,True,0.0,0.7778,0.0721,1.0,0.3589,S4,Decrecimiento,Media
2021-04,M02,Minería y energía,-7.0685,1.95,2.0,37.969,107.533,107.533,True,0.0541,0.9899,0.0,1.0,0.4191,S3,Estabilidad,Moderada
2021-05,M02,Minería y energía,-5.7283,3.3,2.0,-26.1595,91.5973,91.5973,True,0.1712,0.0,0.009,1.0,0.2203,S4,Decrecimiento,Media
2021-06,M02,Minería y energía,-4.8999,3.63,2.0,43.96372280835907,64.4177,64.4177,True,0.2252,0.9899,0.0631,1.0,0.5002,S3,Estabilidad,Moderada
2021-07,M02,Minería y energía,-4.6439,3.97,2.0,-14.71,55.3645,55.3645,True,0.2252,0.0606,0.0721,1.0,0.2697,S4,Decrecimiento,Media
2021-08,M02,Minería y energía,-4.4961,4.44,2.0,43.96372280835907,49.8848,49.8848,True,0.2342,0.9899,0.0811,1.0,0.5074,S3,Estabilidad,Moderada
2021-09,M02,Minería y energía,-2.9546,4.51,2.0,39.3129,63.4793,63.4793,True,0.3423,0.9899,0.0631,1.0,0.547,S3,Estabilidad,Moderada
2021-10,M02,Minería y energía,-2.6329,4.58,2.0,43.96372280835907,74.5661,74.5661,True,0.4054,0.9899,0.045,1.0,0.5686,S3,Estabilidad,Moderada
2021-11,M02,Minería y energía,-1.1635,5.26,2.0,22.3874,80.7602,80.7602,True,0.5405,0.9192,0.018,1.0,0.5996,S3,Estabilidad,Moderada
2021-12,M02,Minería y energía,-0.2051,5.62,2.3871,32.7841,70.3527,70.3527,True,0.6396,0.9798,0.045,1.0,0.6598,S2,Crecimiento,Moderada
2022-01,M02,Minería y energía,5.0144,6.94,3.0323,43.96372280835907,66.5465,66.5465,True,0.973,0.9899,0.0541,1.0,0.7975,S2,Crecimiento,Moderada
2022-02,M02,Minería y energía,3.1557,8.01,4.0,7.453,62.5853,62.5853,True,0.8829,0.6465,0.0721,0.9909,0.6778,S2,Crecimiento,Moderada
2022-03,M02,Minería y energía,1.7096,8.53,4.0,27.1509,79.3729,79.3729,True,0.7027,0.9495,0.036,0.9909,0.6743,S2,Crecimiento,Moderada
2022-04,M02,Minería y energía,1.484,9.23,5.0,6.0376,94.2543,94.2543,True,0.6847,0.596,0.009,0.9727,0.5706,S3,Estabilidad,Moderada
2022-05,M02,Minería y energía,2.5046,9.07,5.9677,14.1228,90.4965,90.4965,True,0.7928,0.7879,0.018,0.7271,0.6268,S2,Crecimiento,Moderada
2022-06,M02,Minería y energía,2.5663,9.67,6.0,12.2719,79.7752,79.7752,True,0.8108,0.7475,0.027,0.718,0.6243,S2,Crecimiento,Moderada
2022-07,M02,Minería y energía,3.6903,10.21,6.0,16.8245,75.9185,75.9185,True,0.9279,0.8384,0.045,0.718,0.6975,S2,Crecimiento,Moderada
2022-08,M02,Minería y energía,4.5104,10.84,9.0,7.256,66.3812,66.3812,True,0.955,0.6364,0.0631,0.5087,0.63,S2,Crecimiento,Moderada
2022-09,M02,Minería y energía,3.9198,11.44,9.0333,-4.7698,54.3622,54.3622,True,0.9369,0.2727,0.0811,0.4996,0.5341,S3,Estabilidad,Moderada
2022-10,M02,Minería y energía,3.4599,12.22,10.0323,4.028,38.413,38.413,True,0.9099,0.5253,0.0991,0.4905,0.5887,S3,Estabilidad,Moderada
2022-11,M02,Minería y energía,2.1653,12.53,11.0,19.2439,38.2277,38.2277,True,0.7568,0.8889,0.1081,0.4814,0.6188,S2,Crecimiento,Moderada
2022-12,M02,Minería y energía,1.4548,13.12,11.4194,26.0929,29.2012,29.2012,True,0.6757,0.9394,0.1532,0.4723,0.6066,S2,Crecimiento,Moderada
2023-01,M02,Minería y energía,2.0507,13.25,12.0,-1.7583,17.5728,17.5728,True,0.7387,0.3434,0.1802,0.4632,0.4869,S3,Estabilidad,Moderada
2023-02,M02,Minería y energía,1.6857,13.28,12.0,6.9395,4.5992,4.5992,True,0.6937,0.6162,0.3874,0.4632,0.5785,S3,Estabilidad,Moderada
2023-03,M02,Minería y energía,3.0955,13.34,12.0323,-21.2521,-14.245,-14.245,True,0.8739,0.0101,0.8378,0.445,0.5864,S3,Estabilidad,Moderada
2023-04,M02,Minería y energía,3.0838,12.82,13.0,0.6277,-21.8518,-21.8518,True,0.8649,0.404,0.9099,0.4359,0.6943,S2,Crecimiento,Moderada
2023-05,M02,Minería y energía,3.4911,12.36,13.0,-5.644,-30.9213,-30.9213,True,0.9189,0.2424,0.964,0.4359,0.6863,S2,Crecimiento,Moderada
2023-06,M02,Minería y energía,3.1884,12.13,13.0,2.6844,-36.7779,-36.7779,True,0.8919,0.4949,0.991,0.4359,0.7441,S2,Crecimiento,Moderada
2023-07,M02,Minería y energía,2.8466,11.78,13.0,7.7523,-37.1624,-37.1624,True,0.8559,0.6667,1.0,0.4359,0.7744,S2,Crecimiento,Moderada
2023-08,M02,Minería y energía,2.4278,11.43,13.0,-12.8442,-31.4416,-31.4416,True,0.7838,0.0909,0.982,0.4359,0.598,S3,Estabilidad,Moderada
2023-09,M02,Minería y energía,2.6763,10.99,13.0,4.6881,-25.2648,-25.2648,True,0.8378,0.5354,0.9369,0.4359,0.7217,S2,Crecimiento,Moderada
2023-10,M02,Minería y energía,2.5644,10.48,13.0,10.2507,-19.7662,-19.7662,True,0.8018,0.7273,0.8829,0.4359,0.7445,S2,Crecimiento,Moderada
2023-11,M02,Minería y energía,2.7889,10.15,13.0,1.1603,-31.3986,-31.3986,True,0.8468,0.4242,0.973,0.4359,0.7048,S2,Crecimiento,Moderada
2023-12,M02,Minería y energía,2.5668,9.28,13.0,8.1839,-29.8541,-29.8541,True,0.8198,0.6768,0.955,0.4359,0.7535,S2,Crecimiento,Moderada
2024-01,M02,Minería y energía,1.4216,8.35,13.0,-9.1052,-28.2199,-28.2199,True,0.6667,0.1515,0.9459,0.4359,0.5591,S3,Estabilidad,Moderada
2024-02,M02,Minería y energía,-0.5006,7.74,13.0,1.3899,-23.7952,-23.7952,True,0.6126,0.4444,0.9279,0.4359,0.6071,S2,Crecimiento,Moderada
2024-03,M02,Minería y energía,-1.7822,7.36,13.0,29.3917,-20.4885,-20.4885,True,0.5135,0.9697,0.9009,0.4359,0.6934,S2,Crecimiento,Moderada
2024-04,M02,Minería y energía,-0.3344,7.16,13.0,3.1,-12.9639,-12.9639,True,0.6306,0.5051,0.8018,0.4359,0.6043,S2,Crecimiento,Moderada
2024-05,M02,Minería y energía,-1.0816,7.16,13.0,2.5892,-14.3643,-14.3643,True,0.5405,0.4848,0.8468,0.4359,0.5721,S3,Estabilidad,Moderada
2024-06,M02,Minería y energía,-1.5546,7.18,13.0,-4.4167,0.6096,0.6096,True,0.5315,0.2929,0.5045,0.4359,0.4521,S3,Estabilidad,Moderada
2024-07,M02,Minería y energía,-2.042,6.86,13.0,-10.2286,-0.594,-0.594,True,0.4955,0.1313,0.5405,0.4359,0.4045,S3,Estabilidad,Moderada
2024-08,M02,Minería y energía,-2.4225,6.12,13.0,8.9688,-7.5141,-7.5141,True,0.4505,0.697,0.6937,0.4359,0.5586,S3,Estabilidad,Moderada
2024-09,M02,Minería y energía,-2.872,5.81,13.0,13.9339,-12.8711,-12.8711,True,0.3604,0.7778,0.7928,0.4359,0.5626,S3,Estabilidad,Moderada
2024-10,M02,Minería y energía,-2.6619,5.41,13.0,3.4463,-13.5701,-13.5701,True,0.3964,0.5152,0.8198,0.4359,0.5167,S3,Estabilidad,Moderada
2024-11,M02,Minería y energía,-3.0418,5.2,13.0,7.1001,-3.9214,-3.9214,True,0.3243,0.6263,0.6216,0.4359,0.476,S3,Estabilidad,Moderada
2024-12,M02,Minería y energía,-3.4121,5.2,13.0,-9.7254,3.5426,3.5426,True,0.2973,0.1414,0.4685,0.4359,0.3134,S4,Decrecimiento,Media
2025-01,M02,Minería y energía,-6.8731,5.22,13.0,14.7658,8.0596,8.0596,True,0.0811,0.8081,0.2883,0.4359,0.3575,S4,Decrecimiento,Media
2025-02,M02,Minería y energía,-3.7823,5.28,13.0,5.168,-2.5282,-2.5282,True,0.2613,0.5556,0.5946,0.4359,0.4277,S3,Estabilidad,Moderada
2025-03,M02,Minería y energía,-4.4663,5.09,13.0,0.4067,-5.4615,-5.4615,True,0.2342,0.3636,0.6577,0.4359,0.3815,S4,Decrecimiento,Media
2025-04,M02,Minería y energía,-7.0585,5.16,13.0,-3.808,-13.5082,-13.5082,True,0.0541,0.3131,0.8108,0.4359,0.3275,S4,Decrecimiento,Media
2025-05,M02,Minería y energía,-8.0993,5.05,13.0,0.6524,-8.0263,-8.0263,True,0.0,0.4141,0.7117,0.4359,0.3113,S4,Decrecimiento,Media
2025-06,M02,Minería y energía,-7.3998,4.82,13.0,21.2749,-9.3718,-9.3718,True,0.027,0.899,0.7568,0.4359,0.4523,S3,Estabilidad,Moderada
2025-07,M02,Minería y energía,-7.6281,4.9,13.0,10.6699,-10.0242,-10.0242,True,0.009,0.7374,0.7748,0.4359,0.4083,S3,Estabilidad,Moderada
2025-08,M02,Minería y energía,-7.4307,5.1,13.0,2.5638,-6.8688,-6.8688,True,0.018,0.4747,0.6757,0.4359,0.3264,S4,Decrecimiento,Media
2025-09,M02,Minería y energía,-7.101,5.18,13.0,-10.9107,-8.5326,-8.5326,True,0.045,0.101,0.7207,0.4359,0.2528,S4,Decrecimiento,Media
2025-10,M02,Minería y energía,-7.2076,5.51,13.0,-5.3893,-16.2085,-16.2085,True,0.036,0.2626,0.8649,0.4359,0.3184,S4,Decrecimiento,Media
2025-11,M02,Minería y energía,-6.9417,5.3,13.0,5.5118,-19.6765,-19.6765,True,0.0721,0.5758,0.8739,0.4359,0.413,S3,Estabilidad,Moderada
2025-12,M02,Minería y energía,-6.1874,5.1,13.0,-5.5899,-20.4331,-20.4331,True,0.1171,0.2525,0.8919,0.4359,0.3537,S4,Decrecimiento,Media
2026-01,M02,Minería y energía,-2.6939,5.35,13.0,-10.5937,-22.4215,-22.4215,True,0.3874,0.1111,0.9189,0.4359,0.4319,S3,Estabilidad,Moderada
2026-02,M02,Minería y energía,-2.4069,5.29,13.0,27.6005,-14.0208,-14.0208,True,0.4595,0.9596,0.8288,0.4359,0.6548,S2,Crecimiento,Moderada
2026-03,M02,Minería y energía,-2.4069,5.56,13.0,21.5273,11.0898,11.0898,False,0.4595,0.9091,0.2342,0.4359,0.5233,S3,Estabilidad,Moderada
2015-01,M03,Manufactura,-0.0022,3.82,13.0,,,3.82,True,0.2973,,0.5315,0.4359,0.3875,S4,Decrecimiento,Media
2015-02,M03,Manufactura,0.5815,4.36,13.0,,,4.36,True,0.3604,,0.4595,0.4359,0.4019,S3,Estabilidad,Moderada
2015-03,M03,Manufactura,0.6991,4.56,13.0,,,4.56,True,0.3874,,0.4144,0.4359,0.4043,S3,Estabilidad,Moderada
2015-04,M03,Manufactura,0.5571,4.64,13.0,,,4.64,True,0.3514,,0.3874,0.4359,0.3779,S4,Decrecimiento,Media
2015-05,M03,Manufactura,0.1141,4.41,13.0,,,4.41,True,0.3243,,0.4505,0.4359,0.3803,S4,Decrecimiento,Media
2015-06,M03,Manufactura,0.8679,4.42,13.0,,,4.42,True,0.4414,,0.4414,0.4359,0.4403,S3,Estabilidad,Moderada
2015-07,M03,Manufactura,0.867,4.46,13.0,,,4.46,True,0.4324,,0.4234,0.4359,0.4307,S3,Estabilidad,Moderada
2015-08,M03,Manufactura,1.202,4.74,13.0,,,4.74,True,0.5676,,0.3694,0.4359,0.4884,S3,Estabilidad,Moderada
2015-09,M03,Manufactura,1.3698,5.35,13.0,,,5.35,True,0.6216,,0.3153,0.4359,0.5028,S3,Estabilidad,Moderada
2015-10,M03,Manufactura,1.4745,5.89,13.0,,,5.89,True,0.6306,,0.2523,0.4359,0.4908,S3,Estabilidad,Moderada
2015-11,M03,Manufactura,1.8588,6.39,13.0,,,6.39,True,0.6847,,0.2342,0.4359,0.5148,S3,Estabilidad,Moderada
2015-12,M03,Manufactura,2.0035,6.77,13.0,,,6.77,True,0.7027,,0.2162,0.4359,0.5196,S3,Estabilidad,Moderada
2016-01,M03,Manufactura,5.3796,7.45,13.0,-6.4703,7.8981,7.8981,True,0.8829,0.0404,0.1712,0.4359,0.4629,S3,Estabilidad,Moderada
2016-02,M03,Manufactura,5.2679,7.59,6.0,-5.7243,8.7077,8.7077,True,0.8739,0.0707,0.1532,0.718,0.5056,S3,Estabilidad,Moderada
2016-03,M03,Manufactura,4.9422,7.98,6.0,-9.0812,6.8783,6.8783,True,0.8649,0.0101,0.2072,0.718,0.4976,S3,Estabilidad,Moderada
2016-04,M03,Manufactura,4.6997,7.93,6.0,-7.6748,6.9179,6.9179,True,0.8378,0.0202,0.1982,0.718,0.4875,S3,Estabilidad,Moderada
2016-05,M03,Manufactura,4.7802,8.2,6.9677,-1.7705,7.5111,7.5111,True,0.8468,0.2727,0.1802,0.6634,0.5424,S3,Estabilidad,Moderada
2016-06,M03,Manufactura,4.9056,8.6,7.0,2.0666,7.2009,7.2009,True,0.8559,0.5354,0.1892,0.6543,0.6122,S2,Crecimiento,Moderada
2016-07,M03,Manufactura,3.2926,8.97,7.0,-3.2217,6.3008,6.3008,True,0.7928,0.2323,0.2432,0.6543,0.522,S3,Estabilidad,Moderada
2016-08,M03,Manufactura,3.9474,8.1,7.0,-0.6256,4.6116,4.6116,True,0.8288,0.3737,0.3964,0.6543,0.6024,S2,Crecimiento,Moderada
2016-09,M03,Manufactura,3.8328,7.27,7.0,2.3385,3.921,3.921,True,0.8198,0.5556,0.5225,0.6543,0.6695,S2,Crecimiento,Moderada
2016-10,M03,Manufactura,3.4485,6.48,7.0,-3.944,4.1023,4.1023,True,0.8108,0.1919,0.4955,0.6543,0.5695,S3,Estabilidad,Moderada
2016-11,M03,Manufactura,3.3488,5.96,7.0,-5.3386,4.8091,4.8091,True,0.8018,0.0909,0.3514,0.6543,0.5119,S3,Estabilidad,Moderada
2016-12,M03,Manufactura,3.2238,5.75,7.0,-1.2294,2.8083,2.8083,True,0.7838,0.3434,0.6577,0.6543,0.6291,S2,Crecimiento,Moderada
2017-01,M03,Manufactura,1.3314,5.47,7.0,-1.4335,2.1849,2.1849,True,0.5946,0.3333,0.7387,0.6543,0.5671,S3,Estabilidad,Moderada
2017-02,M03,Manufactura,-0.0356,5.18,7.0,-4.2431,1.0674,1.0674,True,0.2883,0.1717,0.8829,0.6543,0.433,S3,Estabilidad,Moderada
2017-03,M03,Manufactura,0.0867,4.69,7.0,9.6726,1.7785,1.7785,True,0.3063,0.8182,0.7748,0.6543,0.5802,S3,Estabilidad,Moderada
2017-04,M03,Manufactura,-1.0617,4.66,7.0,5.9423,1.6199,1.6199,True,0.2162,0.7172,0.7928,0.6543,0.5225,S3,Estabilidad,Moderada
2017-05,M03,Manufactura,-1.3815,4.37,7.0,1.0866,1.3294,1.3294,True,0.1802,0.4848,0.8559,0.6543,0.4626,S3,Estabilidad,Moderada
2017-06,M03,Manufactura,-1.6245,3.99,7.0,2.3129,0.8123,0.8123,True,0.1441,0.5455,0.9459,0.6543,0.4813,S3,Estabilidad,Moderada
2017-07,M03,Manufactura,-0.8822,3.4,7.0,-4.3993,1.0015,1.0015,True,0.2432,0.1515,0.9009,0.6543,0.4135,S3,Estabilidad,Moderada
2017-08,M03,Manufactura,-1.355,3.87,7.0,-4.8643,0.9089,0.9089,True,0.1982,0.1111,0.9279,0.6543,0.3908,S4,Decrecimiento,Media
2017-09,M03,Manufactura,-1.5583,3.97,7.0,-2.249,1.2274,1.2274,True,0.1622,0.2525,0.8649,0.6543,0.3991,S4,Decrecimiento,Media
2017-10,M03,Manufactura,-1.674,4.05,6.871,-0.179,1.5198,1.5198,True,0.1261,0.3939,0.8018,0.6725,0.4102,S3,Estabilidad,Moderada
2017-11,M03,Manufactura,-1.6551,4.12,5.0,-2.0342,0.6748,0.6748,True,0.1351,0.2626,0.955,0.9727,0.4566,S3,Estabilidad,Moderada
2017-12,M03,Manufactura,-1.8164,4.09,5.0,1.4902,1.3658,1.3658,True,0.1081,0.5152,0.8288,0.9727,0.4837,S3,Estabilidad,Moderada
2018-01,M03,Manufactura,-1.7712,3.68,5.0,0.0385,0.8571,0.8571,True,0.1171,0.4141,0.9369,0.9727,0.4837,S3,Estabilidad,Moderada
2018-02,M03,Manufactura,-1.3643,3.37,5.0,4.249,1.4172,1.4172,True,0.1892,0.6364,0.8198,0.9727,0.5446,S3,Estabilidad,Moderada
2018-03,M03,Manufactura,-0.8341,3.14,5.0,-6.4103,1.1079,1.1079,True,0.2523,0.0505,0.8739,0.9727,0.4342,S3,Estabilidad,Moderada
2018-04,M03,Manufactura,0.2655,3.13,5.0,-4.5212,1.4854,1.4854,True,0.3333,0.1313,0.8108,0.9727,0.4742,S3,Estabilidad,Moderada
2018-05,M03,Manufactura,0.7721,3.16,5.0,0.1488,2.3616,2.3616,True,0.4144,0.4444,0.7117,0.9727,0.5651,S3,Estabilidad,Moderada
2018-06,M03,Manufactura,0.7247,3.2,5.0,-2.5283,2.6254,2.6254,True,0.4054,0.2424,0.6847,0.9727,0.5056,S3,Estabilidad,Moderada
2018-07,M03,Manufactura,0.9972,3.12,5.0,5.8786,2.0914,2.0914,True,0.4775,0.7071,0.7658,0.9727,0.6668,S2,Crecimiento,Moderada
2018-08,M03,Manufactura,1.1973,3.1,5.0,10.285,2.1348,2.1348,True,0.5495,0.8687,0.7568,0.9727,0.7342,S2,Crecimiento,Moderada
2018-09,M03,Manufactura,1.1662,3.23,5.0,0.0631,2.6136,2.6136,True,0.5315,0.4242,0.6937,0.9727,0.6033,S2,Crecimiento,Moderada
2018-10,M03,Manufactura,1.4987,3.33,5.0,3.2301,2.9494,2.9494,True,0.6486,0.596,0.6216,0.9727,0.6787,S2,Crecimiento,Moderada
2018-11,M03,Manufactura,1.6634,3.27,5.0,3.7088,3.2797,3.2797,True,0.6577,0.6061,0.5766,0.9727,0.6758,S2,Crecimiento,Moderada
2018-12,M03,Manufactura,1.4753,3.18,5.0,1.0823,2.8107,2.8107,True,0.6396,0.4747,0.6486,0.9727,0.6501,S2,Crecimiento,Moderada
2019-01,M03,Manufactura,2.06,3.15,5.0,-0.7369,3.1935,3.1935,True,0.7117,0.3636,0.6036,0.9727,0.6422,S2,Crecimiento,Moderada
2019-02,M03,Manufactura,2.0881,3.01,5.0,-4.3212,2.9996,2.9996,True,0.7297,0.1616,0.6126,0.9727,0.6007,S2,Crecimiento,Moderada
2019-03,M03,Manufactura,0.7,3.21,5.0,8.1754,3.2071,3.2071,True,0.3964,0.7677,0.5946,0.9727,0.6153,S2,Crecimiento,Moderada
2019-04,M03,Manufactura,1.0549,3.25,5.0,-1.7696,3.9625,3.9625,True,0.4955,0.2828,0.5135,0.9727,0.5175,S3,Estabilidad,Moderada
2019-05,M03,Manufactura,1.3609,3.31,5.0,-1.6396,4.0396,4.0396,True,0.6126,0.303,0.5045,0.9727,0.5676,S3,Estabilidad,Moderada
2019-06,M03,Manufactura,0.9293,3.43,5.0,-1.6319,3.3874,3.3874,True,0.4685,0.3131,0.5676,0.9727,0.5251,S3,Estabilidad,Moderada
2019-07,M03,Manufactura,1.2263,3.79,5.0,0.3601,4.8035,4.8035,True,0.5766,0.4545,0.3604,0.9727,0.5623,S3,Estabilidad,Moderada
2019-08,M03,Manufactura,1.1354,3.75,5.0,-11.9827,5.8118,5.8118,True,0.5225,0.0,0.2613,0.9727,0.4072,S3,Estabilidad,Moderada
2019-09,M03,Manufactura,1.1017,3.82,5.0,-3.7475,5.5142,5.5142,True,0.5045,0.202,0.2793,0.9727,0.4541,S3,Estabilidad,Moderada
2019-10,M03,Manufactura,1.1663,3.86,5.0,-3.2723,5.4249,5.4249,True,0.5405,0.2222,0.2973,0.9727,0.4771,S3,Estabilidad,Moderada
2019-11,M03,Manufactura,0.9021,3.84,5.0,-4.6632,4.7071,4.7071,True,0.4595,0.1212,0.3784,0.9727,0.4357,S3,Estabilidad,Moderada
2019-12,M03,Manufactura,1.2014,3.8,5.0,-6.4821,5.112,5.112,True,0.5586,0.0303,0.3243,0.9727,0.4418,S3,Estabilidad,Moderada
2020-01,M03,Manufactura,3.3455,3.62,5.0,6.5488,5.2965,5.2965,True,0.8018,0.7475,0.3153,0.9727,0.7166,S2,Crecimiento,Moderada
2020-02,M03,Manufactura,2.4007,3.72,5.0,-0.3788,5.3059,5.3059,True,0.7568,0.3939,0.3153,0.9727,0.6102,S2,Crecimiento,Moderada
2020-03,M03,Manufactura,-1.8949,3.86,5.0,-17.3187,5.9732,5.9732,True,0.1081,0.0,0.2432,0.9727,0.2378,S4,Decrecimiento,Media
2020-04,M03,Manufactura,-10.7265,3.51,5.0,-18.031044819982927,4.3866,4.3866,True,0.0,0.0,0.4505,0.9727,0.236,S4,Decrecimiento,Media
2020-05,M03,Manufactura,-14.4079,2.85,5.0,-18.031044819982927,3.1946,3.1946,True,0.0,0.0,0.5946,0.9727,0.2648,S4,Decrecimiento,Media
2020-06,M03,Manufactura,-14.2857,2.19,5.0,-18.031044819982927,3.5324,3.5324,True,0.0,0.0,0.5405,0.9727,0.254,S4,Decrecimiento,Media
2020-07,M03,Manufactura,-13.6582,1.97,5.0,-18.031044819982927,2.6118,2.6118,True,0.0,0.0,0.6937,0.9727,0.2846,S4,Decrecimiento,Media
2020-08,M03,Manufactura,-13.1802,1.88,5.0,-5.0816,2.7088,2.7088,True,0.0,0.101,0.6667,0.9727,0.3045,S4,Decrecimiento,Media
2020-09,M03,Manufactura,-12.0417,1.97,2.0,-5.1134,2.1319,2.1319,True,0.0,0.101,0.7568,1.0,0.3266,S4,Decrecimiento,Media
2020-10,M03,Manufactura,-11.028,1.75,2.0,-4.5032,2.1145,2.1145,True,0.0,0.1414,0.7568,1.0,0.3367,S4,Decrecimiento,Media
2020-11,M03,Manufactura,-10.1357,1.49,2.0,-8.3453,1.7684,1.7684,True,0.0,0.0202,0.7748,1.0,0.31,S4,Decrecimiento,Media
2020-12,M03,Manufactura,-9.249,1.61,2.0,0.5594,1.2385,1.2385,True,0.0,0.4646,0.8559,1.0,0.4373,S3,Estabilidad,Moderada
2021-01,M03,Manufactura,-2.8314,1.6,2.0,-18.031044819982927,2.1816,2.1816,True,0.0991,0.0,0.7387,1.0,0.3374,S4,Decrecimiento,Media
2021-02,M03,Manufactura,-0.6699,1.56,2.0,-8.168,3.0199,3.0199,True,0.2613,0.0202,0.6036,1.0,0.3803,S4,Decrecimiento,Media
2021-03,M03,Manufactura,5.3248,1.51,2.0,-2.2785,3.6898,3.6898,True,0.8829,0.2525,0.5315,1.0,0.6726,S2,Crecimiento,Moderada
2021-04,M03,Manufactura,15.1547,1.95,2.0,15.2387,5.8306,5.8306,True,1.0,0.9697,0.2523,1.0,0.8429,S1,Aceleración,Baja
2021-05,M03,Manufactura,14.7299,3.3,2.0,22.832614516952628,7.698,7.698,True,1.0,0.9899,0.1712,1.0,0.8317,S1,Aceleración,Baja
2021-06,M03,Manufactura,15.7709,3.63,2.0,14.0133,9.1643,9.1643,True,1.0,0.9596,0.1441,1.0,0.8187,S1,Aceleración,Baja
2021-07,M03,Manufactura,15.991,3.97,2.0,17.0656,9.9433,9.9433,True,1.0,0.9697,0.1441,1.0,0.8212,S1,Aceleración,Baja
2021-08,M03,Manufactura,16.1366,4.44,2.0,-2.2914,9.8515,9.8515,True,1.0,0.2525,0.1441,1.0,0.6419,S2,Crecimiento,Moderada
2021-09,M03,Manufactura,15.5674,4.51,2.0,5.6888,10.6888,10.6888,True,1.0,0.7071,0.1351,1.0,0.7538,S2,Crecimiento,Moderada
2021-10,M03,Manufactura,14.4913,4.58,2.0,-8.9905,11.3888,11.3888,True,1.0,0.0202,0.1351,1.0,0.5821,S3,Estabilidad,Moderada
2021-11,M03,Manufactura,14.09,5.26,2.0,-14.9858,13.9342,13.9342,True,1.0,0.0,0.1261,1.0,0.5752,S3,Estabilidad,Moderada
2021-12,M03,Manufactura,13.5931,5.62,2.3871,-4.404,15.8388,15.8388,True,1.0,0.1515,0.1081,1.0,0.6095,S2,Crecimiento,Moderada
2022-01,M03,Manufactura,9.1247,6.94,3.0323,10.609,16.6694,16.6694,True,0.9369,0.8889,0.0991,1.0,0.7668,S2,Crecimiento,Moderada
2022-02,M03,Manufactura,7.5037,8.01,4.0,10.092,17.4765,17.4765,True,0.9009,0.8586,0.0901,0.9909,0.7417,S2,Crecimiento,Moderada
2022-03,M03,Manufactura,7.4719,8.53,4.0,22.832614516952628,17.5884,17.5884,True,0.8919,0.9899,0.0811,0.9909,0.7691,S2,Crecimiento,Moderada
2022-04,M03,Manufactura,8.0711,9.23,5.0,14.4847,19.0458,19.0458,True,0.9099,0.9596,0.027,0.9727,0.7552,S2,Crecimiento,Moderada
2022-05,M03,Manufactura,12.8621,9.07,5.9677,4.8563,20.0138,20.0138,True,0.991,0.6566,0.009,0.7271,0.6714,S2,Crecimiento,Moderada
2022-06,M03,Manufactura,12.2948,9.67,6.0,13.496,18.0432,18.0432,True,0.982,0.9495,0.045,0.718,0.7469,S2,Crecimiento,Moderada
2022-07,M03,Manufactura,10.9753,10.21,6.0,12.785,19.9701,19.9701,True,0.973,0.9293,0.018,0.718,0.7328,S2,Crecimiento,Moderada
2022-08,M03,Manufactura,10.6168,10.84,9.0,8.7704,17.8991,17.8991,True,0.964,0.7879,0.0721,0.5087,0.6733,S2,Crecimiento,Moderada
2022-09,M03,Manufactura,10.0452,11.44,9.0333,10.364,18.0291,18.0291,True,0.955,0.8788,0.0541,0.4996,0.6875,S2,Crecimiento,Moderada
2022-10,M03,Manufactura,9.5398,12.22,10.0323,10.723,18.4591,18.4591,True,0.9459,0.899,0.036,0.4905,0.6839,S2,Crecimiento,Moderada
2022-11,M03,Manufactura,8.9172,12.53,11.0,21.3678,18.003,18.003,True,0.9279,0.9697,0.0631,0.4814,0.6984,S2,Crecimiento,Moderada
2022-12,M03,Manufactura,8.1595,13.12,11.4194,11.0016,16.2853,16.2853,True,0.9189,0.9091,0.1081,0.4723,0.6873,S2,Crecimiento,Moderada
2023-01,M03,Manufactura,2.913,13.25,12.0,9.7248,15.7724,15.7724,True,0.7658,0.8384,0.1171,0.4632,0.6088,S2,Crecimiento,Moderada
2023-02,M03,Manufactura,3.1924,13.28,12.0,0.0924,14.9647,14.9647,True,0.7748,0.4343,0.1261,0.4632,0.5132,S3,Estabilidad,Moderada
2023-03,M03,Manufactura,2.7237,13.34,12.0323,1.0601,13.5413,13.5413,True,0.7568,0.4646,0.1351,0.445,0.5126,S3,Estabilidad,Moderada
2023-04,M03,Manufactura,1.3425,12.82,13.0,6.8209,10.3525,10.3525,True,0.6036,0.7576,0.1441,0.4359,0.525,S3,Estabilidad,Moderada
2023-05,M03,Manufactura,1.0059,12.36,13.0,9.7026,7.9559,7.9559,True,0.4865,0.8283,0.1622,0.4359,0.4995,S3,Estabilidad,Moderada
2023-06,M03,Manufactura,0.6058,12.13,13.0,2.578,6.7536,6.7536,True,0.3694,0.5657,0.2252,0.4359,0.3996,S4,Decrecimiento,Media
2023-07,M03,Manufactura,0.0867,11.78,13.0,1.4795,3.4923,3.4923,True,0.3063,0.5051,0.5495,0.4359,0.4241,S3,Estabilidad,Moderada
2023-08,M03,Manufactura,-0.6494,11.43,13.0,9.1844,4.8434,4.8434,True,0.2613,0.8081,0.3423,0.4359,0.4404,S3,Estabilidad,Moderada
2023-09,M03,Manufactura,-0.9997,10.99,13.0,1.6702,4.2275,4.2275,True,0.2252,0.5253,0.4775,0.4359,0.3823,S4,Decrecimiento,Media
2023-10,M03,Manufactura,-1.3129,10.48,13.0,-4.4092,3.2306,3.2306,True,0.2072,0.1414,0.5856,0.4359,0.3007,S4,Decrecimiento,Media
2023-11,M03,Manufactura,-1.4375,10.15,13.0,-0.4804,1.3469,1.3469,True,0.1712,0.3838,0.8468,0.4359,0.3992,S4,Decrecimiento,Media
2023-12,M03,Manufactura,-1.6209,9.28,13.0,-5.3626,0.9506,0.9506,True,0.1532,0.0808,0.9189,0.4359,0.3306,S4,Decrecimiento,Media
2024-01,M03,Manufactura,-2.9416,8.35,13.0,5.0728,0.2386,0.2386,True,0.0721,0.6768,0.964,0.4359,0.4562,S3,Estabilidad,Moderada
2024-02,M03,Manufactura,-3.5856,7.74,13.0,6.3739,-0.3539,-0.3539,True,0.036,0.7374,0.991,0.4359,0.4623,S3,Estabilidad,Moderada
2024-03,M03,Manufactura,-4.7756,7.36,13.0,-1.0728,-0.6825,-0.6825,True,0.0,0.3535,1.0,0.4359,0.3538,S4,Decrecimiento,Media
2024-04,M03,Manufactura,-3.8031,7.16,13.0,-3.64,0.0473,0.0473,True,0.018,0.2121,0.973,0.4359,0.3202,S4,Decrecimiento,Media
2024-05,M03,Manufactura,-3.6875,7.16,13.0,3.7113,-0.059,-0.059,True,0.027,0.6162,0.982,0.4359,0.4266,S3,Estabilidad,Moderada
2024-06,M03,Manufactura,-3.8795,7.18,13.0,6.5949,2.1507,2.1507,True,0.009,0.7475,0.7477,0.4359,0.4054,S3,Estabilidad,Moderada
2024-07,M03,Manufactura,-3.2154,6.86,13.0,2.6713,2.6947,2.6947,True,0.0541,0.5758,0.6757,0.4359,0.3661,S4,Decrecimiento,Media
2024-08,M03,Manufactura,-3.1844,6.12,13.0,-1.7693,2.265,2.265,True,0.0631,0.2929,0.7297,0.4359,0.3098,S4,Decrecimiento,Media
2024-09,M03,Manufactura,-3.2767,5.81,13.0,-1.5503,2.9347,2.9347,True,0.045,0.3232,0.6306,0.4359,0.2903,S4,Decrecimiento,Media
2024-10,M03,Manufactura,-2.8567,5.41,13.0,11.7839,2.8919,2.8919,True,0.0901,0.9192,0.6396,0.4359,0.4591,S3,Estabilidad,Moderada
2024-11,M03,Manufactura,-2.8754,5.2,13.0,6.1463,4.124,4.124,True,0.0811,0.7273,0.4865,0.4359,0.377,S4,Decrecimiento,Media
2024-12,M03,Manufactura,-2.5648,5.2,13.0,-0.0863,5.386,5.386,True,0.0991,0.404,0.3063,0.4359,0.2673,S4,Decrecimiento,Media
2025-01,M03,Manufactura,0.5504,5.22,13.0,1.3508,5.0937,5.0937,True,0.3423,0.4949,0.3333,0.4359,0.3927,S4,Decrecimiento,Media
2025-02,M03,Manufactura,0.6602,5.28,13.0,3.7626,4.451,4.451,True,0.3784,0.6263,0.4324,0.4359,0.4598,S3,Estabilidad,Moderada
2025-03,M03,Manufactura,0.7868,5.09,13.0,9.0424,4.5675,4.5675,True,0.4234,0.798,0.4054,0.4359,0.5153,S3,Estabilidad,Moderada
2025-04,M03,Manufactura,0.8822,5.16,13.0,4.5875,5.7822,5.7822,True,0.4505,0.6465,0.2703,0.4359,0.4613,S3,Estabilidad,Moderada
2025-05,M03,Manufactura,1.1268,5.05,13.0,-4.8667,5.5024,5.5024,True,0.5135,0.101,0.2883,0.4359,0.3537,S4,Decrecimiento,Media
2025-06,M03,Manufactura,1.2999,4.82,13.0,12.8097,4.3341,4.3341,True,0.5856,0.9394,0.4685,0.4359,0.6282,S2,Crecimiento,Moderada
2025-07,M03,Manufactura,1.853,4.9,13.0,2.8568,3.6139,3.6139,True,0.6757,0.5859,0.5405,0.4359,0.5902,S3,Estabilidad,Moderada
2025-08,M03,Manufactura,1.8878,5.1,13.0,8.2785,3.4654,3.4654,True,0.6937,0.7778,0.5586,0.4359,0.649,S2,Crecimiento,Moderada
2025-09,M03,Manufactura,2.1845,5.18,13.0,10.0641,2.5439,2.5439,True,0.7387,0.8485,0.7027,0.4359,0.7135,S2,Crecimiento,Moderada
2025-10,M03,Manufactura,2.1884,5.51,13.0,4.9814,2.3489,2.3489,True,0.7477,0.6667,0.7207,0.4359,0.6753,S2,Crecimiento,Moderada
2025-11,M03,Manufactura,2.0844,5.3,13.0,-4.0249,1.3622,1.3622,True,0.7207,0.1818,0.8378,0.4359,0.5667,S3,Estabilidad,Moderada
2025-12,M03,Manufactura,1.85,5.1,13.0,21.4978,1.0073,1.0073,True,0.6667,0.9798,0.8919,0.4359,0.7554,S2,Crecimiento,Moderada
2026-01,M03,Manufactura,-0.9077,5.35,13.0,5.5524,0.9739,0.9739,True,0.2342,0.697,0.9099,0.4359,0.5153,S3,Estabilidad,Moderada
2026-02,M03,Manufactura,-0.3598,5.29,13.0,5.3106,1.7227,1.7227,True,0.2703,0.6869,0.7838,0.4359,0.502,S3,Estabilidad,Moderada
2026-03,M03,Manufactura,-0.3598,5.56,13.0,-6.3386,2.7987,2.7987,False,0.2703,0.0606,0.6667,0.4359,0.322,S4,Decrecimiento,Media
2015-01,M04,Electricidad y agua,-0.8643,3.82,13.0,,,3.82,True,0.0721,,0.8018,0.4359,0.3394,S4,Decrecimiento,Media
2015-02,M04,Electricidad y agua,-0.6104,4.36,13.0,,,4.36,True,0.1081,,0.7117,0.4359,0.3346,S4,Decrecimiento,Media
2015-03,M04,Electricidad y agua,-0.5688,4.56,13.0,,,4.56,True,0.1171,,0.6667,0.4359,0.3274,S4,Decrecimiento,Media
2015-04,M04,Electricidad y agua,-1.0585,4.64,13.0,,,4.64,True,0.036,,0.6577,0.4359,0.2818,S4,Decrecimiento,Media
2015-05,M04,Electricidad y agua,-1.2091,4.41,13.0,,,4.41,True,0.027,,0.6937,0.4359,0.2866,S4,Decrecimiento,Media
2015-06,M04,Electricidad y agua,-1.2546,4.42,13.0,,,4.42,True,0.009,,0.6847,0.4359,0.2746,S4,Decrecimiento,Media
2015-07,M04,Electricidad y agua,-1.3216,4.46,13.0,,,4.46,True,0.0,,0.6757,0.4359,0.2674,S4,Decrecimiento,Media
2015-08,M04,Electricidad y agua,-1.2513,4.74,13.0,,,4.74,True,0.018,,0.6306,0.4359,0.2649,S4,Decrecimiento,Media
2015-09,M04,Electricidad y agua,-1.0189,5.35,13.0,,,5.35,True,0.0541,,0.4865,0.4359,0.2458,S4,Decrecimiento,Media
2015-10,M04,Electricidad y agua,-0.8337,5.89,13.0,,,5.89,True,0.0811,,0.4144,0.4359,0.2409,S4,Decrecimiento,Media
2015-11,M04,Electricidad y agua,-0.77,6.39,13.0,,,6.39,True,0.0901,,0.3874,0.4359,0.2385,S4,Decrecimiento,Media
2015-12,M04,Electricidad y agua,-0.7024,6.77,13.0,,,6.77,True,0.0991,,0.3694,0.4359,0.2385,S4,Decrecimiento,Media
2016-01,M04,Electricidad y agua,1.1537,7.45,13.0,-17.1717,,7.45,True,0.3333,0.0303,0.2973,0.4359,0.2657,S4,Decrecimiento,Media
2016-02,M04,Electricidad y agua,1.2162,7.59,6.0,-15.4177,,7.59,True,0.3423,0.0505,0.2883,0.718,0.3149,S4,Decrecimiento,Media
2016-03,M04,Electricidad y agua,1.0514,7.98,6.0,35.2228,,7.98,True,0.3153,0.9798,0.2613,0.718,0.531,S3,Estabilidad,Moderada
2016-04,M04,Electricidad y agua,0.5774,7.93,6.0,-10.3672,,7.93,True,0.2703,0.1212,0.2703,0.718,0.3002,S4,Decrecimiento,Media
2016-05,M04,Electricidad y agua,0.1895,8.2,6.9677,-3.9213,,8.2,True,0.2342,0.303,0.2342,0.6634,0.3158,S4,Decrecimiento,Media
2016-06,M04,Electricidad y agua,0.154,8.6,7.0,-6.0658,,8.6,True,0.2252,0.2323,0.2072,0.6543,0.2877,S4,Decrecimiento,Media
2016-07,M04,Electricidad y agua,-0.2112,8.97,7.0,-14.0403,,8.97,True,0.1622,0.0707,0.1982,0.6543,0.2203,S4,Decrecimiento,Media
2016-08,M04,Electricidad y agua,-0.0812,8.1,7.0,-14.5955,,8.1,True,0.1802,0.0606,0.2432,0.6543,0.234,S4,Decrecimiento,Media
2016-09,M04,Electricidad y agua,-0.1649,7.27,7.0,0.4268,,7.27,True,0.1712,0.3737,0.3153,0.6543,0.3231,S4,Decrecimiento,Media
2016-10,M04,Electricidad y agua,-0.2313,6.48,7.0,15.0575,,6.48,True,0.1532,0.8182,0.3784,0.6543,0.4397,S3,Estabilidad,Moderada
2016-11,M04,Electricidad y agua,-0.0713,5.96,7.0,-21.3372,,5.96,True,0.1892,0.0,0.4054,0.6543,0.2549,S4,Decrecimiento,Media
2016-12,M04,Electricidad y agua,-0.0081,5.75,7.0,-16.0227,,5.75,True,0.2072,0.0404,0.4324,0.6543,0.2776,S4,Decrecimiento,Media
2017-01,M04,Electricidad y agua,0.0928,5.47,7.0,17.1455,,5.47,True,0.2162,0.8485,0.4595,0.6543,0.4887,S3,Estabilidad,Moderada
2017-02,M04,Electricidad y agua,0.567,5.18,7.0,-1.6335,,5.18,True,0.2613,0.3535,0.5586,0.6543,0.4028,S3,Estabilidad,Moderada
2017-03,M04,Electricidad y agua,0.9768,4.69,7.0,-13.3125,,4.69,True,0.3063,0.0808,0.6396,0.6543,0.3688,S4,Decrecimiento,Media
2017-04,M04,Electricidad y agua,1.78,4.66,7.0,19.2127,,4.66,True,0.3514,0.8788,0.6486,0.6543,0.5881,S3,Estabilidad,Moderada
2017-05,M04,Electricidad y agua,2.1425,4.37,7.0,1.3031,,4.37,True,0.3694,0.4343,0.7027,0.6543,0.495,S3,Estabilidad,Moderada
2017-06,M04,Electricidad y agua,2.2445,3.99,7.0,9.7734,,3.99,True,0.3874,0.7172,0.7477,0.6543,0.5819,S3,Estabilidad,Moderada
2017-07,M04,Electricidad y agua,2.577,3.4,7.0,25.7867,,3.4,True,0.5405,0.9293,0.8559,0.6543,0.7178,S2,Crecimiento,Moderada
2017-08,M04,Electricidad y agua,2.5657,3.87,7.0,13.2285,,3.87,True,0.5315,0.7677,0.7658,0.6543,0.6558,S2,Crecimiento,Moderada
2017-09,M04,Electricidad y agua,2.6937,3.97,7.0,-7.536,,3.97,True,0.6306,0.202,0.7568,0.6543,0.5522,S3,Estabilidad,Moderada
2017-10,M04,Electricidad y agua,2.7603,4.05,6.871,-17.9536,,4.05,True,0.6486,0.0202,0.7387,0.6725,0.5131,S3,Estabilidad,Moderada
2017-11,M04,Electricidad y agua,2.8247,4.12,5.0,5.2951,,4.12,True,0.6847,0.5657,0.7207,0.9727,0.7054,S2,Crecimiento,Moderada
2017-12,M04,Electricidad y agua,2.8865,4.09,5.0,8.7055,,4.09,True,0.7117,0.6869,0.7297,0.9727,0.7482,S2,Crecimiento,Moderada
2018-01,M04,Electricidad y agua,3.585,3.68,5.0,5.7847,,3.68,True,0.8108,0.5859,0.8378,0.9727,0.7843,S2,Crecimiento,Moderada
2018-02,M04,Electricidad y agua,2.3601,3.37,5.0,7.6513,,3.37,True,0.4054,0.6566,0.8649,0.9727,0.6452,S2,Crecimiento,Moderada
2018-03,M04,Electricidad y agua,2.498,3.14,5.0,15.1806,,3.14,True,0.4955,0.8283,0.964,0.9727,0.744,S2,Crecimiento,Moderada
2018-04,M04,Electricidad y agua,2.4073,3.13,5.0,2.2106,,3.13,True,0.4324,0.4545,0.973,0.9727,0.6271,S2,Crecimiento,Moderada
2018-05,M04,Electricidad y agua,2.4123,3.16,5.0,17.8005,,3.16,True,0.4414,0.8586,0.9459,0.9727,0.7263,S2,Crecimiento,Moderada
2018-06,M04,Electricidad y agua,2.478,3.2,5.0,-6.1709,,3.2,True,0.4685,0.2222,0.9279,0.9727,0.5744,S3,Estabilidad,Moderada
2018-07,M04,Electricidad y agua,2.642,3.12,5.0,0.4493,,3.12,True,0.5856,0.3939,0.982,0.9727,0.675,S2,Crecimiento,Moderada
2018-08,M04,Electricidad y agua,2.7222,3.1,5.0,2.4941,,3.1,True,0.6396,0.4646,0.991,0.9727,0.7161,S2,Crecimiento,Moderada
2018-09,M04,Electricidad y agua,2.6389,3.23,5.0,12.6467,,3.23,True,0.5766,0.7576,0.9099,0.9727,0.7479,S2,Crecimiento,Moderada
2018-10,M04,Electricidad y agua,2.6011,3.33,5.0,19.0137,,3.33,True,0.5586,0.8687,0.8739,0.9727,0.7613,S2,Crecimiento,Moderada
2018-11,M04,Electricidad y agua,2.607,3.27,5.0,14.5178,,3.27,True,0.5676,0.798,0.8919,0.9727,0.7508,S2,Crecimiento,Moderada
2018-12,M04,Electricidad y agua,2.5487,3.18,5.0,-4.4819,,3.18,True,0.5225,0.2828,0.9369,0.9727,0.613,S2,Crecimiento,Moderada
2019-01,M04,Electricidad y agua,2.6808,3.15,5.0,-7.5692,,3.15,True,0.6216,0.1919,0.955,0.9727,0.6335,S2,Crecimiento,Moderada
2019-02,M04,Electricidad y agua,3.1835,3.01,5.0,-9.0828,,3.01,True,0.7928,0.1616,1.0,0.9727,0.7034,S2,Crecimiento,Moderada
2019-03,M04,Electricidad y agua,2.7801,3.21,5.0,-2.235,,3.21,True,0.6667,0.3232,0.9189,0.9727,0.6772,S2,Crecimiento,Moderada
2019-04,M04,Electricidad y agua,2.9417,3.25,5.0,0.4456,,3.25,True,0.7387,0.3838,0.9009,0.9727,0.7175,S2,Crecimiento,Moderada
2019-05,M04,Electricidad y agua,3.0304,3.31,5.0,4.7743,,3.31,True,0.7658,0.5455,0.8829,0.9727,0.7652,S2,Crecimiento,Moderada
2019-06,M04,Electricidad y agua,2.9356,3.43,5.0,9.4626,,3.43,True,0.7297,0.7071,0.8468,0.9727,0.7839,S2,Crecimiento,Moderada
2019-07,M04,Electricidad y agua,2.8687,3.79,5.0,-7.9727,,3.79,True,0.7027,0.1818,0.8198,0.9727,0.6364,S2,Crecimiento,Moderada
2019-08,M04,Electricidad y agua,2.807,3.75,5.0,-8.0368,,3.75,True,0.6757,0.1717,0.8288,0.9727,0.6249,S2,Crecimiento,Moderada
2019-09,M04,Electricidad y agua,2.7696,3.82,5.0,-1.8019,,3.82,True,0.6577,0.3333,0.8018,0.9727,0.6527,S2,Crecimiento,Moderada
2019-10,M04,Electricidad y agua,2.6705,3.86,5.0,-7.0422,,3.86,True,0.6126,0.2121,0.7748,0.9727,0.5989,S3,Estabilidad,Moderada
2019-11,M04,Electricidad y agua,2.5133,3.84,5.0,24.5262,,3.84,True,0.5045,0.9192,0.7838,0.9727,0.7343,S2,Crecimiento,Moderada
2019-12,M04,Electricidad y agua,2.52,3.8,5.0,6.3906,,3.8,True,0.5135,0.6061,0.8108,0.9727,0.665,S2,Crecimiento,Moderada
2020-01,M04,Electricidad y agua,2.4322,3.62,5.0,16.1971,,3.62,True,0.4685,0.8384,0.8378,0.9727,0.7105,S2,Crecimiento,Moderada
2020-02,M04,Electricidad y agua,2.7257,3.72,5.0,43.96372280835907,,3.72,True,0.6486,0.9899,0.8288,0.9727,0.8186,S1,Aceleración,Baja
2020-03,M04,Electricidad y agua,1.3804,3.86,5.0,4.5945,,3.86,True,0.3514,0.5354,0.7748,0.9727,0.5753,S3,Estabilidad,Moderada
2020-04,M04,Electricidad y agua,-1.5689,3.51,5.0,8.0645,,3.51,True,0.0,0.6768,0.8378,0.9727,0.4827,S3,Estabilidad,Moderada
2020-05,M04,Electricidad y agua,-3.2447,2.85,5.0,-9.0189,,2.85,True,0.0,0.1717,1.0,0.9727,0.3888,S4,Decrecimiento,Media
2020-06,M04,Electricidad y agua,-3.825,2.19,5.0,23.7827,,2.19,True,0.0,0.9192,1.0,0.9727,0.5757,S3,Estabilidad,Moderada
2020-07,M04,Electricidad y agua,-4.1546,1.97,5.0,8.3064,,1.97,True,0.0,0.6869,1.0,0.9727,0.5176,S3,Estabilidad,Moderada
2020-08,M04,Electricidad y agua,-4.3836,1.88,5.0,4.3522,,1.88,True,0.0,0.5354,1.0,0.9727,0.4798,S3,Estabilidad,Moderada
2020-09,M04,Electricidad y agua,-4.4309,1.97,2.0,-0.0567,,1.97,True,0.0,0.3636,1.0,1.0,0.4409,S3,Estabilidad,Moderada
2020-10,M04,Electricidad y agua,-4.2316,1.75,2.0,24.0019,,1.75,True,0.0,0.9192,1.0,1.0,0.5798,S3,Estabilidad,Moderada
2020-11,M04,Electricidad y agua,-4.0313,1.49,2.0,-18.0318,,1.49,True,0.0,0.0202,1.0,1.0,0.3551,S4,Decrecimiento,Media
2020-12,M04,Electricidad y agua,-3.83,1.61,2.0,22.4193,,1.61,True,0.0,0.9192,1.0,1.0,0.5798,S3,Estabilidad,Moderada
2021-01,M04,Electricidad y agua,-2.5209,1.6,2.0,-4.5885,,1.6,True,0.0,0.2828,1.0,1.0,0.4207,S3,Estabilidad,Moderada
2021-02,M04,Electricidad y agua,-2.087,1.56,2.0,-6.9263,,1.56,True,0.0,0.2222,1.0,1.0,0.4056,S3,Estabilidad,Moderada
2021-03,M04,Electricidad y agua,-0.5895,1.51,2.0,13.6206,,1.51,True,0.1171,0.7778,1.0,1.0,0.5913,S3,Estabilidad,Moderada
2021-04,M04,Electricidad y agua,2.2638,1.95,2.0,37.969,,1.95,True,0.4054,0.9899,1.0,1.0,0.7596,S2,Crecimiento,Moderada
2021-05,M04,Electricidad y agua,3.2065,3.3,2.0,-26.1595,,3.3,True,0.8018,0.0,0.8829,1.0,0.6473,S2,Crecimiento,Moderada
2021-06,M04,Electricidad y agua,3.9929,3.63,2.0,43.96372280835907,,3.63,True,0.8378,0.9899,0.8378,1.0,0.9002,S1,Aceleración,Baja
2021-07,M04,Electricidad y agua,4.7133,3.97,2.0,-14.71,,3.97,True,0.8649,0.0606,0.7568,1.0,0.6625,S2,Crecimiento,Moderada
2021-08,M04,Electricidad y agua,5.0858,4.44,2.0,43.96372280835907,,4.44,True,0.9009,0.9899,0.6757,1.0,0.893,S1,Aceleración,Baja
2021-09,M04,Electricidad y agua,5.4876,4.51,2.0,39.3129,,4.51,True,0.9279,0.9899,0.6667,1.0,0.902,S1,Aceleración,Baja
2021-10,M04,Electricidad y agua,5.7468,4.58,2.0,43.96372280835907,,4.58,True,0.9369,0.9899,0.6577,1.0,0.9038,S1,Aceleración,Baja
2021-11,M04,Electricidad y agua,5.8526,5.26,2.0,22.3874,,5.26,True,0.9459,0.9192,0.5135,1.0,0.8609,S1,Aceleración,Baja
2021-12,M04,Electricidad y agua,5.8311,5.62,2.3871,32.7841,,5.62,True,0.9459,0.9798,0.4324,1.0,0.8598,S1,Aceleración,Baja
2022-01,M04,Electricidad y agua,6.1574,6.94,3.0323,43.96372280835907,,6.94,True,0.964,0.9899,0.3514,1.0,0.8534,S1,Aceleración,Baja
2022-02,M04,Electricidad y agua,5.5738,8.01,4.0,7.453,,8.01,True,0.9279,0.6465,0.2523,0.9909,0.7319,S2,Crecimiento,Moderada
2022-03,M04,Electricidad y agua,5.7679,8.53,4.0,27.1509,,8.53,True,0.9369,0.9495,0.2162,0.9909,0.804,S1,Aceleración,Baja
2022-04,M04,Electricidad y agua,5.9461,9.23,5.0,6.0376,,9.23,True,0.9459,0.596,0.1802,0.9727,0.7093,S2,Crecimiento,Moderada
2022-05,M04,Electricidad y agua,6.7902,9.07,5.9677,14.1228,,9.07,True,0.991,0.7879,0.1892,0.7271,0.7403,S2,Crecimiento,Moderada
2022-06,M04,Electricidad y agua,6.5902,9.67,6.0,12.2719,,9.67,True,0.982,0.7475,0.1622,0.718,0.7198,S2,Crecimiento,Moderada
2022-07,M04,Electricidad y agua,6.168,10.21,6.0,16.8245,,10.21,True,0.973,0.8384,0.1441,0.718,0.7353,S2,Crecimiento,Moderada
2022-08,M04,Electricidad y agua,5.9463,10.84,9.0,7.256,,10.84,True,0.955,0.6364,0.1261,0.5087,0.6426,S2,Crecimiento,Moderada
2022-09,M04,Electricidad y agua,5.4335,11.44,9.0333,-4.7698,,11.44,True,0.9189,0.2727,0.0991,0.4996,0.5305,S3,Estabilidad,Moderada
2022-10,M04,Electricidad y agua,5.0299,12.22,10.0323,4.028,,12.22,True,0.8919,0.5253,0.0721,0.4905,0.5761,S3,Estabilidad,Moderada
2022-11,M04,Electricidad y agua,4.818,12.53,11.0,19.2439,,12.53,True,0.8739,0.8889,0.0541,0.4814,0.6548,S2,Crecimiento,Moderada
2022-12,M04,Electricidad y agua,4.6087,13.12,11.4194,26.0929,,13.12,True,0.8468,0.9394,0.036,0.4723,0.6516,S2,Crecimiento,Moderada
2023-01,M04,Electricidad y agua,2.642,13.25,12.0,-1.7583,,13.25,True,0.5856,0.3434,0.027,0.4632,0.395,S4,Decrecimiento,Media
2023-02,M04,Electricidad y agua,2.5792,13.28,12.0,6.9395,,13.28,True,0.5495,0.6162,0.018,0.4632,0.4469,S3,Estabilidad,Moderada
2023-03,M04,Electricidad y agua,2.3683,13.34,12.0323,-21.2521,,13.34,True,0.4144,0.0101,0.009,0.445,0.2368,S4,Decrecimiento,Media
2023-04,M04,Electricidad y agua,2.101,12.82,13.0,0.6277,,12.82,True,0.3604,0.404,0.045,0.4359,0.3195,S4,Decrecimiento,Media
2023-05,M04,Electricidad y agua,2.148,12.36,13.0,-5.644,,12.36,True,0.3784,0.2424,0.0631,0.4359,0.29,S4,Decrecimiento,Media
2023-06,M04,Electricidad y agua,2.3882,12.13,13.0,2.6844,,12.13,True,0.4234,0.4949,0.0811,0.4359,0.3747,S4,Decrecimiento,Media
2023-07,M04,Electricidad y agua,2.2503,11.78,13.0,7.7523,,11.78,True,0.3964,0.6667,0.0901,0.4359,0.4086,S3,Estabilidad,Moderada
2023-08,M04,Electricidad y agua,2.478,11.43,13.0,-12.8442,,11.43,True,0.4685,0.0909,0.1081,0.4359,0.2971,S4,Decrecimiento,Media
2023-09,M04,Electricidad y agua,2.8539,10.99,13.0,4.6881,,10.99,True,0.6937,0.5354,0.1171,0.4359,0.5001,S3,Estabilidad,Moderada
2023-10,M04,Electricidad y agua,2.9975,10.48,13.0,10.2507,,10.48,True,0.7477,0.7273,0.1351,0.4359,0.5733,S3,Estabilidad,Moderada
2023-11,M04,Electricidad y agua,3.0735,10.15,13.0,1.1603,,10.15,True,0.7748,0.4242,0.1532,0.4359,0.512,S3,Estabilidad,Moderada
2023-12,M04,Electricidad y agua,3.156,9.28,13.0,8.1839,,9.28,True,0.7838,0.6768,0.1712,0.4359,0.5823,S3,Estabilidad,Moderada
2024-01,M04,Electricidad y agua,4.8739,8.35,13.0,-9.1052,,8.35,True,0.8829,0.1515,0.2252,0.4359,0.5015,S3,Estabilidad,Moderada
2024-02,M04,Electricidad y agua,4.694,7.74,13.0,1.3899,,7.74,True,0.8559,0.4444,0.2793,0.4359,0.5747,S3,Estabilidad,Moderada
2024-03,M04,Electricidad y agua,5.3495,7.36,13.0,29.3917,,7.36,True,0.9099,0.9697,0.3063,0.4359,0.733,S2,Crecimiento,Moderada
2024-04,M04,Electricidad y agua,5.287,7.16,13.0,3.1,,7.16,True,0.9009,0.5051,0.3423,0.4359,0.6205,S2,Crecimiento,Moderada
2024-05,M04,Electricidad y agua,4.7619,7.16,13.0,2.5892,,7.16,True,0.8649,0.4848,0.3423,0.4359,0.601,S2,Crecimiento,Moderada
2024-06,M04,Electricidad y agua,4.0721,7.18,13.0,-4.4167,,7.18,True,0.8378,0.2929,0.3243,0.4359,0.5386,S3,Estabilidad,Moderada
2024-07,M04,Electricidad y agua,3.9403,6.86,13.0,-10.2286,,6.86,True,0.8288,0.1313,0.3604,0.4359,0.5018,S3,Estabilidad,Moderada
2024-08,M04,Electricidad y agua,3.6061,6.12,13.0,8.9688,,6.12,True,0.8198,0.697,0.3964,0.4359,0.6468,S2,Crecimiento,Moderada
2024-09,M04,Electricidad y agua,3.2116,5.81,13.0,13.9339,,5.81,True,0.8018,0.7778,0.4234,0.4359,0.6652,S2,Crecimiento,Moderada
2024-10,M04,Electricidad y agua,3.0011,5.41,13.0,3.4463,,5.41,True,0.7568,0.5152,0.4685,0.4359,0.5906,S3,Estabilidad,Moderada
2024-11,M04,Electricidad y agua,2.649,5.2,13.0,7.1001,,5.2,True,0.6036,0.6263,0.5405,0.4359,0.5715,S3,Estabilidad,Moderada
2024-12,M04,Electricidad y agua,2.4879,5.2,13.0,-9.7254,,5.2,True,0.4865,0.1414,0.5405,0.4359,0.4034,S3,Estabilidad,Moderada
2025-01,M04,Electricidad y agua,-0.3812,5.22,13.0,14.7658,,5.22,True,0.1351,0.8081,0.5225,0.4359,0.4259,S3,Estabilidad,Moderada
2025-02,M04,Electricidad y agua,-0.3195,5.28,13.0,5.168,,5.28,True,0.1441,0.5556,0.5135,0.4359,0.3646,S4,Decrecimiento,Media
2025-03,M04,Electricidad y agua,-1.0429,5.09,13.0,0.4067,,5.09,True,0.045,0.3636,0.5946,0.4359,0.2932,S4,Decrecimiento,Media
2025-04,M04,Electricidad y agua,-0.9082,5.16,13.0,-3.808,,5.16,True,0.0631,0.3131,0.5676,0.4359,0.2824,S4,Decrecimiento,Media
2025-05,M04,Electricidad y agua,-0.4975,5.05,13.0,0.6524,,5.05,True,0.1261,0.4141,0.6036,0.4359,0.3401,S4,Decrecimiento,Media
2025-06,M04,Electricidad y agua,-0.0178,4.82,13.0,21.2749,,4.82,True,0.1982,0.899,0.6216,0.4359,0.4937,S3,Estabilidad,Moderada
2025-07,M04,Electricidad y agua,0.4365,4.9,13.0,10.6699,,4.9,True,0.2432,0.7374,0.6126,0.4359,0.4695,S3,Estabilidad,Moderada
2025-08,M04,Electricidad y agua,0.4972,5.1,13.0,2.5638,,5.1,True,0.2523,0.4747,0.5856,0.4359,0.4021,S3,Estabilidad,Moderada
2025-09,M04,Electricidad y agua,0.6117,5.18,13.0,-10.9107,,5.18,True,0.2793,0.101,0.5586,0.4359,0.3141,S4,Decrecimiento,Media
2025-10,M04,Electricidad y agua,0.7004,5.51,13.0,-5.3893,,5.51,True,0.2883,0.2626,0.4505,0.4359,0.3365,S4,Decrecimiento,Media
2025-11,M04,Electricidad y agua,0.9263,5.3,13.0,5.5118,,5.3,True,0.2973,0.5758,0.4955,0.4359,0.4274,S3,Estabilidad,Moderada
2025-12,M04,Electricidad y agua,1.1407,5.1,13.0,-5.5899,,5.1,True,0.3243,0.2525,0.5856,0.4359,0.3754,S4,Decrecimiento,Media
2026-01,M04,Electricidad y agua,2.8959,5.35,13.0,-10.5937,,5.35,True,0.7207,0.1111,0.4865,0.4359,0.4787,S3,Estabilidad,Moderada
2026-02,M04,Electricidad y agua,2.4154,5.29,13.0,27.6005,,5.29,True,0.4505,0.9596,0.5045,0.4359,0.5864,S3,Estabilidad,Moderada
2026-03,M04,Electricidad y agua,2.4154,5.56,13.0,21.5273,,5.56,False,0.4505,0.9091,0.4414,0.4359,0.5611,S3,Estabilidad,Moderada
2015-01,M05,Construcción,4.9263,3.82,13.0,,,3.82,True,0.7117,,0.8018,0.4359,0.6806,S2,Crecimiento,Moderada
2015-02,M05,Construcción,4.9763,4.36,13.0,,,4.36,True,0.7207,,0.7117,0.4359,0.6613,S2,Crecimiento,Moderada
2015-03,M05,Construcción,5.4022,4.56,13.0,,,4.56,True,0.7658,,0.6667,0.4359,0.6734,S2,Crecimiento,Moderada
2015-04,M05,Construcción,6.7698,4.64,13.0,,,4.64,True,0.8739,,0.6577,0.4359,0.7286,S2,Crecimiento,Moderada
2015-05,M05,Construcción,7.6172,4.41,13.0,,,4.41,True,0.9189,,0.6937,0.4359,0.7622,S2,Crecimiento,Moderada
2015-06,M05,Construcción,7.6789,4.42,13.0,,,4.42,True,0.9279,,0.6847,0.4359,0.7646,S2,Crecimiento,Moderada
2015-07,M05,Construcción,7.1802,4.46,13.0,,,4.46,True,0.9009,,0.6757,0.4359,0.7478,S2,Crecimiento,Moderada
2015-08,M05,Construcción,6.31,4.74,13.0,,,4.74,True,0.8288,,0.6306,0.4359,0.6974,S2,Crecimiento,Moderada
2015-09,M05,Construcción,5.7024,5.35,13.0,,,5.35,True,0.7838,,0.4865,0.4359,0.6349,S2,Crecimiento,Moderada
2015-10,M05,Construcción,5.7054,5.89,13.0,,,5.89,True,0.7928,,0.4144,0.4359,0.6205,S2,Crecimiento,Moderada
2015-11,M05,Construcción,5.9526,6.39,13.0,,,6.39,True,0.8108,,0.3874,0.4359,0.6229,S2,Crecimiento,Moderada
2015-12,M05,Construcción,6.3001,6.77,13.0,,,6.77,True,0.8198,,0.3694,0.4359,0.6229,S2,Crecimiento,Moderada
2016-01,M05,Construcción,10.1268,7.45,13.0,4.4228,,7.45,True,0.991,0.6263,0.2973,0.4359,0.6778,S2,Crecimiento,Moderada
2016-02,M05,Construcción,9.554,7.59,6.0,5.9903,,7.59,True,0.973,0.7778,0.2883,0.718,0.749,S2,Crecimiento,Moderada
2016-03,M05,Construcción,8.5267,7.98,6.0,-11.6857,,7.98,True,0.955,0.0202,0.2613,0.718,0.547,S3,Estabilidad,Moderada
2016-04,M05,Construcción,6.8656,7.93,6.0,0.6667,,7.93,True,0.8829,0.4949,0.2703,0.718,0.6386,S2,Crecimiento,Moderada
2016-05,M05,Construcción,6.3465,8.2,6.9677,5.9427,,8.2,True,0.8468,0.7677,0.2342,0.6634,0.677,S2,Crecimiento,Moderada
2016-06,M05,Construcción,5.7698,8.6,7.0,6.372,,8.6,True,0.8018,0.7879,0.2072,0.6543,0.6573,S2,Crecimiento,Moderada
2016-07,M05,Construcción,5.0981,8.97,7.0,-11.3611,,8.97,True,0.7297,0.0303,0.1982,0.6543,0.4372,S3,Estabilidad,Moderada
2016-08,M05,Construcción,5.242,8.1,7.0,0.4794,,8.1,True,0.7568,0.4848,0.2432,0.6543,0.5707,S3,Estabilidad,Moderada
2016-09,M05,Construcción,5.2291,7.27,7.0,5.586,,7.27,True,0.7477,0.7273,0.3153,0.6543,0.6421,S2,Crecimiento,Moderada
2016-10,M05,Construcción,4.5344,6.48,7.0,-0.9175,,6.48,True,0.7027,0.4141,0.3784,0.6543,0.5584,S3,Estabilidad,Moderada
2016-11,M05,Construcción,4.1306,5.96,7.0,5.6989,,5.96,True,0.6937,0.7374,0.4054,0.6543,0.6411,S2,Crecimiento,Moderada
2016-12,M05,Construcción,3.5888,5.75,7.0,-1.1376,,5.75,True,0.6757,0.404,0.4324,0.6543,0.5559,S3,Estabilidad,Moderada
2017-01,M05,Construcción,-4.5855,5.47,7.0,-5.3524,,5.47,True,0.0,0.1717,0.4595,0.6543,0.233,S4,Decrecimiento,Media
2017-02,M05,Construcción,-4.4866,5.18,7.0,-1.2523,,5.18,True,0.009,0.3838,0.5586,0.6543,0.3094,S4,Decrecimiento,Media
2017-03,M05,Construcción,-4.481,4.69,7.0,-1.4555,,4.69,True,0.018,0.3737,0.6396,0.6543,0.3267,S4,Decrecimiento,Media
2017-04,M05,Construcción,-3.2742,4.66,7.0,-8.2528,,4.66,True,0.1622,0.0808,0.6486,0.6543,0.3129,S4,Decrecimiento,Media
2017-05,M05,Construcción,-3.077,4.37,7.0,-1.976,,4.37,True,0.2072,0.3333,0.7027,0.6543,0.4049,S3,Estabilidad,Moderada
2017-06,M05,Construcción,-2.53,3.99,7.0,-1.1742,,3.99,True,0.2793,0.3939,0.7477,0.6543,0.4579,S3,Estabilidad,Moderada
2017-07,M05,Construcción,-2.2718,3.4,7.0,7.6432,,3.4,True,0.3333,0.8283,0.8559,0.6543,0.6097,S2,Crecimiento,Moderada
2017-08,M05,Construcción,-2.4503,3.87,7.0,1.768,,3.87,True,0.3063,0.5455,0.7658,0.6543,0.5102,S3,Estabilidad,Moderada
2017-09,M05,Construcción,-2.3666,3.97,7.0,-15.4251,,3.97,True,0.3243,0.0,0.7568,0.6543,0.3792,S4,Decrecimiento,Media
2017-10,M05,Construcción,-2.1184,4.05,6.871,5.4445,,4.05,True,0.3514,0.7172,0.7387,0.6725,0.5685,S3,Estabilidad,Moderada
2017-11,M05,Construcción,-2.2336,4.12,5.0,-10.1801,,4.12,True,0.3423,0.0505,0.7207,0.9727,0.4396,S3,Estabilidad,Moderada
2017-12,M05,Construcción,-2.0258,4.09,5.0,1.074,,4.09,True,0.3604,0.5253,0.7297,0.9727,0.5673,S3,Estabilidad,Moderada
2018-01,M05,Construcción,-1.9975,3.68,5.0,-6.5006,,3.68,True,0.3784,0.1313,0.8378,0.9727,0.4977,S3,Estabilidad,Moderada
2018-02,M05,Construcción,-1.7318,3.37,5.0,-3.88,,3.37,True,0.4234,0.2323,0.8649,0.9727,0.5463,S3,Estabilidad,Moderada
2018-03,M05,Construcción,-1.6177,3.14,5.0,-7.3936,,3.14,True,0.4414,0.101,0.964,0.9727,0.5405,S3,Estabilidad,Moderada
2018-04,M05,Construcción,-2.4622,3.13,5.0,3.5221,,3.13,True,0.2973,0.596,0.973,0.9727,0.6084,S2,Crecimiento,Moderada
2018-05,M05,Construcción,-3.3096,3.16,5.0,-2.3429,,3.16,True,0.1532,0.2727,0.9459,0.9727,0.4645,S3,Estabilidad,Moderada
2018-06,M05,Construcción,-3.7211,3.2,5.0,-10.5517,,3.2,True,0.1081,0.0404,0.9279,0.9727,0.3848,S4,Decrecimiento,Media
2018-07,M05,Construcción,-3.0617,3.12,5.0,-2.2966,,3.12,True,0.2162,0.2929,0.982,0.9727,0.502,S3,Estabilidad,Moderada
2018-08,M05,Construcción,-2.3853,3.1,5.0,-7.089,,3.1,True,0.3153,0.1111,0.991,0.9727,0.498,S3,Estabilidad,Moderada
2018-09,M05,Construcción,-1.7438,3.23,5.0,12.8324,,3.23,True,0.4144,0.9596,0.9099,0.9727,0.7335,S2,Crecimiento,Moderada
2018-10,M05,Construcción,-1.36,3.33,5.0,-5.6013,,3.33,True,0.4685,0.1515,0.8739,0.9727,0.546,S3,Estabilidad,Moderada
2018-11,M05,Construcción,-1.1709,3.27,5.0,3.5498,,3.27,True,0.5225,0.6061,0.8919,0.9727,0.6848,S2,Crecimiento,Moderada
2018-12,M05,Construcción,-1.2749,3.18,5.0,-1.5957,,3.18,True,0.4955,0.3636,0.9369,0.9727,0.6224,S2,Crecimiento,Moderada
2019-01,M05,Construcción,-1.4212,3.15,5.0,5.8361,,3.15,True,0.4595,0.7475,0.955,0.9727,0.7076,S2,Crecimiento,Moderada
2019-02,M05,Construcción,-1.8212,3.01,5.0,-1.82,,3.01,True,0.3964,0.3434,1.0,0.9727,0.5903,S3,Estabilidad,Moderada
2019-03,M05,Construcción,-0.8478,3.21,5.0,6.851,,3.21,True,0.5405,0.8081,0.9189,0.9727,0.7479,S2,Crecimiento,Moderada
2019-04,M05,Construcción,-1.7795,3.25,5.0,5.1223,,3.25,True,0.4054,0.697,0.9009,0.9727,0.6625,S2,Crecimiento,Moderada
2019-05,M05,Construcción,-1.2402,3.31,5.0,-5.1881,,3.31,True,0.5045,0.202,0.8829,0.9727,0.5748,S3,Estabilidad,Moderada
2019-06,M05,Construcción,-1.3403,3.43,5.0,11.5737,,3.43,True,0.4775,0.9192,0.8468,0.9727,0.7361,S2,Crecimiento,Moderada
2019-07,M05,Construcción,-1.6158,3.79,5.0,-0.6367,,3.79,True,0.4505,0.4343,0.8198,0.9727,0.5986,S3,Estabilidad,Moderada
2019-08,M05,Construcción,-2.4736,3.75,5.0,6.6783,,3.75,True,0.2883,0.798,0.8288,0.9727,0.6265,S2,Crecimiento,Moderada
2019-09,M05,Construcción,-3.4944,3.82,5.0,0.456,,3.82,True,0.1441,0.4747,0.8018,0.9727,0.4826,S3,Estabilidad,Moderada
2019-10,M05,Construcción,-4.1119,3.86,5.0,-0.8723,,3.86,True,0.0541,0.4242,0.7748,0.9727,0.4286,S3,Estabilidad,Moderada
2019-11,M05,Construcción,-4.258,3.84,5.0,4.9804,,3.84,True,0.045,0.6869,0.7838,0.9727,0.4924,S3,Estabilidad,Moderada
2019-12,M05,Construcción,-3.8913,3.8,5.0,7.9592,,3.8,True,0.0721,0.8485,0.8108,0.9727,0.549,S3,Estabilidad,Moderada
2020-01,M05,Construcción,-4.0421,3.62,5.0,-5.3558,,3.62,True,0.0631,0.1717,0.8378,0.9727,0.3816,S4,Decrecimiento,Media
2020-02,M05,Construcción,-6.3891,3.72,5.0,14.2399,,3.72,True,0.0,0.9697,0.8288,0.9727,0.5541,S3,Estabilidad,Moderada
2020-03,M05,Construcción,-19.1187,3.86,5.0,-6.4204,,3.86,True,0.0,0.1414,0.7748,0.9727,0.3362,S4,Decrecimiento,Media
2020-04,M05,Construcción,-30.67,3.51,5.0,-19.25706254085364,,3.51,True,0.0,0.0,0.8378,0.9727,0.3135,S4,Decrecimiento,Media
2020-05,M05,Construcción,-32.5172,2.85,5.0,-19.25706254085364,,2.85,True,0.0,0.0,1.0,0.9727,0.3459,S4,Decrecimiento,Media
2020-06,M05,Construcción,-31.3658,2.19,5.0,-17.5211,,2.19,True,0.0,0.0,1.0,0.9727,0.3459,S4,Decrecimiento,Media
2020-07,M05,Construcción,-31.0376,1.97,5.0,-8.7102,,1.97,True,0.0,0.0808,1.0,0.9727,0.3661,S4,Decrecimiento,Media
2020-08,M05,Construcción,-30.4529,1.88,5.0,-11.3235,,1.88,True,0.0,0.0404,1.0,0.9727,0.356,S4,Decrecimiento,Media
2020-09,M05,Construcción,-30.7277,1.97,2.0,-10.4851,,1.97,True,0.0,0.0505,1.0,1.0,0.3626,S4,Decrecimiento,Media
2020-10,M05,Construcción,-29.8767,1.75,2.0,-2.9686,,1.75,True,0.0,0.2626,1.0,1.0,0.4157,S3,Estabilidad,Moderada
2020-11,M05,Construcción,-29.5276,1.49,2.0,-4.9116,,1.49,True,0.0,0.2121,1.0,1.0,0.403,S3,Estabilidad,Moderada
2020-12,M05,Construcción,-29.5815,1.61,2.0,-10.4561,,1.61,True,0.0,0.0505,1.0,1.0,0.3626,S4,Decrecimiento,Media
2021-01,M05,Construcción,-23.6702,1.6,2.0,3.251,,1.6,True,0.0,0.596,1.0,1.0,0.499,S3,Estabilidad,Moderada
2021-02,M05,Construcción,-22.0325,1.56,2.0,-9.7289,,1.56,True,0.0,0.0606,1.0,1.0,0.3652,S4,Decrecimiento,Media
2021-03,M05,Construcción,-8.7458,1.51,2.0,21.411123146914242,,1.51,True,0.0,1.0,1.0,1.0,0.6,S2,Crecimiento,Moderada
2021-04,M05,Construcción,7.2072,1.95,2.0,21.411123146914242,,1.95,True,0.9099,1.0,1.0,1.0,0.964,S1,Aceleración,Baja
2021-05,M05,Construcción,7.7031,3.3,2.0,21.411123146914242,,3.3,True,0.9369,1.0,0.8829,1.0,0.9513,S1,Aceleración,Baja
2021-06,M05,Construcción,5.2284,3.63,2.0,15.4964,,3.63,True,0.7477,0.9798,0.8378,1.0,0.8616,S1,Aceleración,Baja
2021-07,M05,Construcción,3.9088,3.97,2.0,14.8067,,3.97,True,0.6847,0.9697,0.7568,1.0,0.8177,S1,Aceleración,Baja
2021-08,M05,Construcción,2.7943,4.44,2.0,21.411123146914242,,4.44,True,0.6757,1.0,0.6757,1.0,0.8054,S1,Aceleración,Baja
2021-09,M05,Construcción,3.6892,4.51,2.0,5.9201,,4.51,True,0.6847,0.7576,0.6667,1.0,0.7466,S2,Crecimiento,Moderada
2021-10,M05,Construcción,4.044,4.58,2.0,4.4207,,4.58,True,0.6937,0.6263,0.6577,1.0,0.7156,S2,Crecimiento,Moderada
2021-11,M05,Construcción,3.9681,5.26,2.0,10.1217,,5.26,True,0.6847,0.899,0.5135,1.0,0.7513,S2,Crecimiento,Moderada
2021-12,M05,Construcción,4.2684,5.62,2.3871,2.9865,,5.62,True,0.7027,0.596,0.4324,1.0,0.6666,S2,Crecimiento,Moderada
2022-01,M05,Construcción,5.5271,6.94,3.0323,9.7759,,6.94,True,0.7748,0.8889,0.3514,1.0,0.7524,S2,Crecimiento,Moderada
2022-02,M05,Construcción,6.4616,8.01,4.0,16.7536,,8.01,True,0.8559,0.9899,0.2523,0.9909,0.7889,S2,Crecimiento,Moderada
2022-03,M05,Construcción,4.0243,8.53,4.0,-11.7615,,8.53,True,0.6847,0.0101,0.2162,0.9909,0.4683,S3,Estabilidad,Moderada
2022-04,M05,Construcción,5.1596,9.23,5.0,0.9607,,9.23,True,0.7387,0.5152,0.1802,0.9727,0.6062,S2,Crecimiento,Moderada
2022-05,M05,Construcción,6.3283,9.07,5.9677,11.0178,,9.07,True,0.8378,0.899,0.1892,0.7271,0.7068,S2,Crecimiento,Moderada
2022-06,M05,Construcción,6.9695,9.67,6.0,12.2583,,9.67,True,0.8919,0.9394,0.1622,0.718,0.7318,S2,Crecimiento,Moderada
2022-07,M05,Construcción,8.5128,10.21,6.0,0.0562,,10.21,True,0.9459,0.4545,0.1441,0.718,0.6285,S2,Crecimiento,Moderada
2022-08,M05,Construcción,9.9446,10.84,9.0,7.5513,,10.84,True,0.982,0.8182,0.1261,0.5087,0.6989,S2,Crecimiento,Moderada
2022-09,M05,Construcción,9.3522,11.44,9.0333,1.0851,,11.44,True,0.964,0.5354,0.0991,0.4996,0.6142,S2,Crecimiento,Moderada
2022-10,M05,Construcción,7.9549,12.22,10.0323,0.6748,,12.22,True,0.9369,0.5051,0.0721,0.4905,0.589,S3,Estabilidad,Moderada
2022-11,M05,Construcción,7.4486,12.53,11.0,-5.8991,,12.53,True,0.9099,0.1414,0.0541,0.4814,0.4823,S3,Estabilidad,Moderada
2022-12,M05,Construcción,6.6425,13.12,11.4194,8.817,,13.12,True,0.8649,0.8788,0.036,0.4723,0.6437,S2,Crecimiento,Moderada
2023-01,M05,Construcción,0.4014,13.25,12.0,-9.5695,,13.25,True,0.6126,0.0606,0.027,0.4632,0.3351,S4,Decrecimiento,Media
2023-02,M05,Construcción,-1.2985,13.28,12.0,-1.769,,13.28,True,0.4865,0.3535,0.018,0.4632,0.3561,S4,Decrecimiento,Media
2023-03,M05,Construcción,-2.0197,13.34,12.0323,7.8646,,13.34,True,0.3694,0.8384,0.009,0.445,0.4259,S3,Estabilidad,Moderada
2023-04,M05,Construcción,-3.7827,12.82,13.0,4.5025,,12.82,True,0.0901,0.6465,0.045,0.4359,0.2721,S4,Decrecimiento,Media
2023-05,M05,Construcción,-1.8685,12.36,13.0,-5.4242,,12.36,True,0.3874,0.1616,0.0631,0.4359,0.2734,S4,Decrecimiento,Media
2023-06,M05,Construcción,-1.7051,12.13,13.0,0.1212,,12.13,True,0.4324,0.4646,0.0811,0.4359,0.3707,S4,Decrecimiento,Media
2023-07,M05,Construcción,-3.2317,11.78,13.0,15.851,,11.78,True,0.1802,0.9798,0.0901,0.4359,0.4004,S3,Estabilidad,Moderada
2023-08,M05,Construcción,-4.0184,11.43,13.0,-3.0883,,11.43,True,0.0631,0.2525,0.1081,0.4359,0.1754,S5,Contracción,Alta
2023-09,M05,Construcción,-3.5675,10.99,13.0,2.568,,10.99,True,0.1261,0.5657,0.1171,0.4359,0.2807,S4,Decrecimiento,Media
2023-10,M05,Construcción,-3.8762,10.48,13.0,2.7676,,10.48,True,0.0811,0.5758,0.1351,0.4359,0.2688,S4,Decrecimiento,Media
2023-11,M05,Construcción,-3.5213,10.15,13.0,7.9901,,10.15,True,0.1351,0.8586,0.1532,0.4359,0.3647,S4,Decrecimiento,Media
2023-12,M05,Construcción,-3.0915,9.28,13.0,-5.2319,,9.28,True,0.1982,0.1818,0.1712,0.4359,0.2244,S4,Decrecimiento,Media
2024-01,M05,Construcción,-4.4076,8.35,13.0,3.6626,,8.35,True,0.027,0.6162,0.2252,0.4359,0.2753,S4,Decrecimiento,Media
2024-02,M05,Construcción,-1.2036,7.74,13.0,-3.2889,,7.74,True,0.5135,0.2424,0.2793,0.4359,0.3872,S4,Decrecimiento,Media
2024-03,M05,Construcción,-0.5981,7.36,13.0,-4.5596,,7.36,True,0.5495,0.2121,0.3063,0.4359,0.3995,S4,Decrecimiento,Media
2024-04,M05,Construcción,0.9185,7.16,13.0,-0.1772,,7.16,True,0.6667,0.4444,0.3423,0.4359,0.5116,S3,Estabilidad,Moderada
2024-05,M05,Construcción,0.5855,7.16,13.0,11.1797,,7.16,True,0.6396,0.9091,0.3423,0.4359,0.617,S2,Crecimiento,Moderada
2024-06,M05,Construcción,-0.0742,7.18,13.0,-7.9607,,7.18,True,0.5856,0.0909,0.3243,0.4359,0.3872,S4,Decrecimiento,Media
2024-07,M05,Construcción,0.3304,6.86,13.0,-6.9382,,6.86,True,0.6036,0.1212,0.3604,0.4359,0.4092,S3,Estabilidad,Moderada
2024-08,M05,Construcción,0.8316,6.12,13.0,-5.1934,,6.12,True,0.6486,0.1919,0.3964,0.4359,0.4521,S3,Estabilidad,Moderada
2024-09,M05,Construcción,0.4456,5.81,13.0,-2.0644,,5.81,True,0.6216,0.3232,0.4234,0.4359,0.4795,S3,Estabilidad,Moderada
2024-10,M05,Construcción,0.893,5.41,13.0,5.231,,5.41,True,0.6577,0.7071,0.4685,0.4359,0.5989,S3,Estabilidad,Moderada
2024-11,M05,Construcción,0.5391,5.2,13.0,-8.8868,,5.2,True,0.6306,0.0707,0.5405,0.4359,0.4434,S3,Estabilidad,Moderada
2024-12,M05,Construcción,0.0849,5.2,13.0,4.5909,,5.2,True,0.5946,0.6566,0.5405,0.4359,0.5755,S3,Estabilidad,Moderada
2025-01,M05,Construcción,-0.4995,5.22,13.0,2.9601,,5.22,True,0.5586,0.5859,0.5225,0.4359,0.5398,S3,Estabilidad,Moderada
2025-02,M05,Construcción,-3.7459,5.28,13.0,14.829,,5.28,True,0.0991,0.9697,0.5135,0.4359,0.4501,S3,Estabilidad,Moderada
2025-03,M05,Construcción,-2.958,5.09,13.0,8.1395,,5.09,True,0.2252,0.8687,0.5946,0.4359,0.4916,S3,Estabilidad,Moderada
2025-04,M05,Construcción,-3.5863,5.16,13.0,-2.1723,,5.16,True,0.1171,0.3131,0.5676,0.4359,0.304,S4,Decrecimiento,Media
2025-05,M05,Construcción,-4.3561,5.05,13.0,-2.6228,,5.05,True,0.036,0.2626,0.6036,0.4359,0.2662,S4,Decrecimiento,Media
2025-06,M05,Construcción,-3.2424,4.82,13.0,2.3537,,4.82,True,0.1712,0.5556,0.6216,0.4359,0.3971,S4,Decrecimiento,Media
2025-07,M05,Construcción,-2.5363,4.9,13.0,4.7622,,4.9,True,0.2703,0.6667,0.6126,0.4359,0.4627,S3,Estabilidad,Moderada
2025-08,M05,Construcción,-3.1448,5.1,13.0,11.6322,,5.1,True,0.1892,0.9293,0.5856,0.4359,0.4905,S3,Estabilidad,Moderada
2025-09,M05,Construcción,-2.8036,5.18,13.0,4.4334,,5.18,True,0.2523,0.6364,0.5586,0.4359,0.4371,S3,Estabilidad,Moderada
2025-10,M05,Construcción,-2.9059,5.51,13.0,-4.2834,,5.51,True,0.2342,0.2222,0.4505,0.4359,0.3047,S4,Decrecimiento,Media
2025-11,M05,Construcción,-2.8925,5.3,13.0,12.2939,,5.3,True,0.2432,0.9495,0.4955,0.4359,0.4991,S3,Estabilidad,Moderada
2025-12,M05,Construcción,-2.768,5.1,13.0,-2.3336,,5.1,True,0.2613,0.2828,0.5856,0.4359,0.3577,S4,Decrecimiento,Media
2026-01,M05,Construcción,-0.9077,5.35,13.0,5.9326,,5.35,True,0.5315,0.7576,0.4865,0.4359,0.5647,S3,Estabilidad,Moderada
2026-02,M05,Construcción,-0.3598,5.29,13.0,-2.2383,,5.29,True,0.5676,0.303,0.5045,0.4359,0.4691,S3,Estabilidad,Moderada
2026-03,M05,Construcción,-0.3598,5.56,13.0,4.9616,,5.56,False,0.5676,0.6768,0.4414,0.4359,0.5499,S3,Estabilidad,Moderada
2015-01,M06,"Comercio, transporte y turismo",4.2828,3.82,13.0,,,3.82,True,0.7838,,0.8018,0.4359,0.719,S2,Crecimiento,Moderada
2015-02,M06,"Comercio, transporte y turismo",3.539,4.36,13.0,,,4.36,True,0.6937,,0.7117,0.4359,0.6469,S2,Crecimiento,Moderada
2015-03,M06,"Comercio, transporte y turismo",3.5003,4.56,13.0,,,4.56,True,0.6847,,0.6667,0.4359,0.6301,S2,Crecimiento,Moderada
2015-04,M06,"Comercio, transporte y turismo",3.139,4.64,13.0,,,4.64,True,0.5495,,0.6577,0.4359,0.5556,S3,Estabilidad,Moderada
2015-05,M06,"Comercio, transporte y turismo",3.1165,4.41,13.0,,,4.41,True,0.5405,,0.6937,0.4359,0.5604,S3,Estabilidad,Moderada
2015-06,M06,"Comercio, transporte y turismo",3.2501,4.42,13.0,,,4.42,True,0.5946,,0.6847,0.4359,0.5869,S3,Estabilidad,Moderada
2015-07,M06,"Comercio, transporte y turismo",3.2738,4.46,13.0,,,4.46,True,0.6126,,0.6757,0.4359,0.5941,S3,Estabilidad,Moderada
2015-08,M06,"Comercio, transporte y turismo",3.2944,4.74,13.0,,,4.74,True,0.6396,,0.6306,0.4359,0.5965,S3,Estabilidad,Moderada
2015-09,M06,"Comercio, transporte y turismo",3.2776,5.35,13.0,,,5.35,True,0.6216,,0.4865,0.4359,0.5484,S3,Estabilidad,Moderada
2015-10,M06,"Comercio, transporte y turismo",3.2823,5.89,13.0,,,5.89,True,0.6306,,0.4144,0.4359,0.534,S3,Estabilidad,Moderada
2015-11,M06,"Comercio, transporte y turismo",3.2603,6.39,13.0,,,6.39,True,0.6036,,0.3874,0.4359,0.5124,S3,Estabilidad,Moderada
2015-12,M06,"Comercio, transporte y turismo",3.3312,6.77,13.0,,,6.77,True,0.6667,,0.3694,0.4359,0.5413,S3,Estabilidad,Moderada
2016-01,M06,"Comercio, transporte y turismo",3.8033,7.45,13.0,4.1461,,7.45,True,0.7568,0.697,0.2973,0.4359,0.6018,S2,Crecimiento,Moderada
2016-02,M06,"Comercio, transporte y turismo",3.1535,7.59,6.0,3.2076,,7.59,True,0.5676,0.6263,0.2883,0.718,0.549,S3,Estabilidad,Moderada
2016-03,M06,"Comercio, transporte y turismo",3.1422,7.98,6.0,0.9706,,7.98,True,0.5586,0.3636,0.2613,0.718,0.4743,S3,Estabilidad,Moderada
2016-04,M06,"Comercio, transporte y turismo",3.1859,7.93,6.0,1.0202,,7.93,True,0.5766,0.3838,0.2703,0.718,0.4884,S3,Estabilidad,Moderada
2016-05,M06,"Comercio, transporte y turismo",2.9203,8.2,6.9677,-0.6485,,8.2,True,0.5135,0.202,0.2342,0.6634,0.4022,S3,Estabilidad,Moderada
2016-06,M06,"Comercio, transporte y turismo",2.8912,8.6,7.0,0.7775,,8.6,True,0.5045,0.3333,0.2072,0.6543,0.4247,S3,Estabilidad,Moderada
2016-07,M06,"Comercio, transporte y turismo",2.531,8.97,7.0,3.5975,,8.97,True,0.3874,0.6566,0.1982,0.6543,0.4569,S3,Estabilidad,Moderada
2016-08,M06,"Comercio, transporte y turismo",2.6166,8.1,7.0,-0.3613,,8.1,True,0.4054,0.2323,0.2432,0.6543,0.367,S4,Decrecimiento,Media
2016-09,M06,"Comercio, transporte y turismo",2.6957,7.27,7.0,-2.8064,,7.27,True,0.4595,0.0303,0.3153,0.6543,0.3526,S4,Decrecimiento,Media
2016-10,M06,"Comercio, transporte y turismo",2.5258,6.48,7.0,2.7439,,6.48,True,0.3784,0.5657,0.3784,0.6543,0.4666,S3,Estabilidad,Moderada
2016-11,M06,"Comercio, transporte y turismo",2.5654,5.96,7.0,3.7662,,5.96,True,0.3964,0.6768,0.4054,0.6543,0.507,S3,Estabilidad,Moderada
2016-12,M06,"Comercio, transporte y turismo",2.6855,5.75,7.0,1.4895,,5.75,True,0.4324,0.4545,0.4324,0.6543,0.4712,S3,Estabilidad,Moderada
2017-01,M06,"Comercio, transporte y turismo",0.1453,5.47,7.0,-0.871,,5.47,True,0.1712,0.1515,0.4595,0.6543,0.2964,S4,Decrecimiento,Media
2017-02,M06,"Comercio, transporte y turismo",1.3771,5.18,7.0,3.0588,,5.18,True,0.2252,0.6162,0.5586,0.6543,0.454,S3,Estabilidad,Moderada
2017-03,M06,"Comercio, transporte y turismo",1.5952,4.69,7.0,-0.6052,,4.69,True,0.2342,0.2121,0.6396,0.6543,0.3728,S4,Decrecimiento,Media
2017-04,M06,"Comercio, transporte y turismo",1.8173,4.66,7.0,-1.8179,,4.66,True,0.2523,0.101,0.6486,0.6543,0.354,S4,Decrecimiento,Media
2017-05,M06,"Comercio, transporte y turismo",1.8682,4.37,7.0,0.57,,4.37,True,0.2703,0.303,0.7027,0.6543,0.4226,S3,Estabilidad,Moderada
2017-06,M06,"Comercio, transporte y turismo",1.9872,3.99,7.0,0.393,,3.99,True,0.2883,0.2828,0.7477,0.6543,0.4337,S3,Estabilidad,Moderada
2017-07,M06,"Comercio, transporte y turismo",2.4171,3.4,7.0,-2.2589,,3.4,True,0.3604,0.0808,0.8559,0.6543,0.4337,S3,Estabilidad,Moderada
2017-08,M06,"Comercio, transporte y turismo",2.3947,3.87,7.0,-1.3717,,3.87,True,0.3514,0.1111,0.7658,0.6543,0.4196,S3,Estabilidad,Moderada
2017-09,M06,"Comercio, transporte y turismo",2.3356,3.97,7.0,0.6681,,3.97,True,0.3423,0.3232,0.7568,0.6543,0.4672,S3,Estabilidad,Moderada
2017-10,M06,"Comercio, transporte y turismo",2.0984,4.05,6.871,0.6638,,4.05,True,0.3153,0.3131,0.7387,0.6725,0.453,S3,Estabilidad,Moderada
2017-11,M06,"Comercio, transporte y turismo",2.0173,4.12,5.0,-3.1325,,4.12,True,0.2973,0.0202,0.7207,0.9727,0.414,S3,Estabilidad,Moderada
2017-12,M06,"Comercio, transporte y turismo",1.8595,4.09,5.0,1.4824,,4.09,True,0.2613,0.4444,0.7297,0.9727,0.5075,S3,Estabilidad,Moderada
2018-01,M06,"Comercio, transporte y turismo",4.0094,3.68,5.0,-0.1523,,3.68,True,0.7658,0.2424,0.8378,0.9727,0.6804,S2,Crecimiento,Moderada
2018-02,M06,"Comercio, transporte y turismo",3.6218,3.37,5.0,-2.8064,,3.37,True,0.7207,0.0303,0.8649,0.9727,0.6147,S2,Crecimiento,Moderada
2018-03,M06,"Comercio, transporte y turismo",3.7945,3.14,5.0,1.4692,,3.14,True,0.7477,0.4343,0.964,0.9727,0.7464,S2,Crecimiento,Moderada
2018-04,M06,"Comercio, transporte y turismo",3.3187,3.13,5.0,4.9448,,3.13,True,0.6577,0.7475,0.973,0.9727,0.7905,S2,Crecimiento,Moderada
2018-05,M06,"Comercio, transporte y turismo",3.3046,3.16,5.0,-0.6802,,3.16,True,0.6486,0.1818,0.9459,0.9727,0.64,S2,Crecimiento,Moderada
2018-06,M06,"Comercio, transporte y turismo",3.1992,3.2,5.0,-0.5323,,3.2,True,0.5856,0.2222,0.9279,0.9727,0.6213,S2,Crecimiento,Moderada
2018-07,M06,"Comercio, transporte y turismo",2.9667,3.12,5.0,1.5337,,3.12,True,0.5225,0.4747,0.982,0.9727,0.67,S2,Crecimiento,Moderada
2018-08,M06,"Comercio, transporte y turismo",2.8375,3.1,5.0,1.2398,,3.1,True,0.4955,0.3939,0.991,0.9727,0.6408,S2,Crecimiento,Moderada
2018-09,M06,"Comercio, transporte y turismo",2.7591,3.23,5.0,3.3889,,3.23,True,0.4685,0.6364,0.9099,0.9727,0.6744,S2,Crecimiento,Moderada
2018-10,M06,"Comercio, transporte y turismo",2.7728,3.33,5.0,-2.2271,,3.33,True,0.4775,0.0909,0.8739,0.9727,0.5344,S3,Estabilidad,Moderada
2018-11,M06,"Comercio, transporte y turismo",2.795,3.27,5.0,-3.3082,,3.27,True,0.4865,0.0101,0.8919,0.9727,0.5214,S3,Estabilidad,Moderada
2018-12,M06,"Comercio, transporte y turismo",2.6727,3.18,5.0,-2.5047,,3.18,True,0.4234,0.0606,0.9369,0.9727,0.5178,S3,Estabilidad,Moderada
2019-01,M06,"Comercio, transporte y turismo",2.0175,3.15,5.0,1.4147,,3.15,True,0.3063,0.4242,0.955,0.9727,0.5655,S3,Estabilidad,Moderada
2019-02,M06,"Comercio, transporte y turismo",1.9053,3.01,5.0,4.631,,3.01,True,0.2793,0.7374,1.0,0.9727,0.642,S2,Crecimiento,Moderada
2019-03,M06,"Comercio, transporte y turismo",1.6576,3.21,5.0,1.585,,3.21,True,0.2432,0.4848,0.9189,0.9727,0.5482,S3,Estabilidad,Moderada
2019-04,M06,"Comercio, transporte y turismo",2.206,3.25,5.0,-4.2876,,3.25,True,0.3243,0.0,0.9009,0.9727,0.4558,S3,Estabilidad,Moderada
2019-05,M06,"Comercio, transporte y turismo",2.4455,3.31,5.0,2.8252,,3.31,True,0.3694,0.5859,0.8829,0.9727,0.6167,S2,Crecimiento,Moderada
2019-06,M06,"Comercio, transporte y turismo",2.6594,3.43,5.0,-0.6762,,3.43,True,0.4144,0.1919,0.8468,0.9727,0.529,S3,Estabilidad,Moderada
2019-07,M06,"Comercio, transporte y turismo",3.0511,3.79,5.0,0.1424,,3.79,True,0.5315,0.2626,0.8198,0.9727,0.5881,S3,Estabilidad,Moderada
2019-08,M06,"Comercio, transporte y turismo",3.4271,3.75,5.0,1.3133,,3.75,True,0.6757,0.4141,0.8288,0.9727,0.6855,S2,Crecimiento,Moderada
2019-09,M06,"Comercio, transporte y turismo",3.5575,3.82,5.0,-1.3354,,3.82,True,0.7027,0.1212,0.8018,0.9727,0.6176,S2,Crecimiento,Moderada
2019-10,M06,"Comercio, transporte y turismo",3.6192,3.86,5.0,1.0151,,3.86,True,0.7117,0.3737,0.7748,0.9727,0.679,S2,Crecimiento,Moderada
2019-11,M06,"Comercio, transporte y turismo",3.6284,3.84,5.0,11.6411,,3.84,True,0.7297,0.9798,0.7838,0.9727,0.8395,S1,Aceleración,Baja
2019-12,M06,"Comercio, transporte y turismo",3.7487,3.8,5.0,5.8835,,3.8,True,0.7387,0.8081,0.8108,0.9727,0.8056,S1,Aceleración,Baja
2020-01,M06,"Comercio, transporte y turismo",6.2072,3.62,5.0,-1.2031,,3.62,True,0.8919,0.1414,0.8378,0.9727,0.7056,S2,Crecimiento,Moderada
2020-02,M06,"Comercio, transporte y turismo",7.2284,3.72,5.0,0.7578,,3.72,True,0.8919,0.3333,0.8288,0.9727,0.7518,S2,Crecimiento,Moderada
2020-03,M06,"Comercio, transporte y turismo",2.2482,3.86,5.0,-2.6643,,3.86,True,0.3423,0.0505,0.7748,0.9727,0.4504,S3,Estabilidad,Moderada
2020-04,M06,"Comercio, transporte y turismo",-8.1265,3.51,5.0,-8.88449693223452,,3.51,True,0.0,0.0,0.8378,0.9727,0.3135,S4,Decrecimiento,Media
2020-05,M06,"Comercio, transporte y turismo",-12.8078,2.85,5.0,-8.88449693223452,,2.85,True,0.0,0.0,1.0,0.9727,0.3459,S4,Decrecimiento,Media
2020-06,M06,"Comercio, transporte y turismo",-15.1405,2.19,5.0,-8.88449693223452,,2.19,True,0.0,0.0,1.0,0.9727,0.3459,S4,Decrecimiento,Media
2020-07,M06,"Comercio, transporte y turismo",-16.3542,1.97,5.0,-8.88449693223452,,1.97,True,0.0,0.0,1.0,0.9727,0.3459,S4,Decrecimiento,Media
2020-08,M06,"Comercio, transporte y turismo",-17.257,1.88,5.0,-8.88449693223452,,1.88,True,0.0,0.0,1.0,0.9727,0.3459,S4,Decrecimiento,Media
2020-09,M06,"Comercio, transporte y turismo",-16.5891,1.97,2.0,-8.88449693223452,,1.97,True,0.0,0.0,1.0,1.0,0.35,S4,Decrecimiento,Media
2020-10,M06,"Comercio, transporte y turismo",-15.5281,1.75,2.0,-6.0793,,1.75,True,0.0,0.0,1.0,1.0,0.35,S4,Decrecimiento,Media
2020-11,M06,"Comercio, transporte y turismo",-14.346,1.49,2.0,-8.88449693223452,,1.49,True,0.0,0.0,1.0,1.0,0.35,S4,Decrecimiento,Media
2020-12,M06,"Comercio, transporte y turismo",-13.6888,1.61,2.0,-7.5222,,1.61,True,0.0,0.0,1.0,1.0,0.35,S4,Decrecimiento,Media
2021-01,M06,"Comercio, transporte y turismo",-10.3373,1.6,2.0,-8.88449693223452,,1.6,True,0.0,0.0,1.0,1.0,0.35,S4,Decrecimiento,Media
2021-02,M06,"Comercio, transporte y turismo",-8.3537,1.56,2.0,-8.88449693223452,,1.56,True,0.0,0.0,1.0,1.0,0.35,S4,Decrecimiento,Media
2021-03,M06,"Comercio, transporte y turismo",-0.739,1.51,2.0,-6.5463,,1.51,True,0.1351,0.0,1.0,1.0,0.404,S3,Estabilidad,Moderada
2021-04,M06,"Comercio, transporte y turismo",7.9607,1.95,2.0,14.141066629204218,,1.95,True,0.8919,0.9899,1.0,1.0,0.9542,S1,Aceleración,Baja
2021-05,M06,"Comercio, transporte y turismo",11.9439,3.3,2.0,9.2147,,3.3,True,0.9009,0.9394,0.8829,1.0,0.9218,S1,Aceleración,Baja
2021-06,M06,"Comercio, transporte y turismo",15.7635,3.63,2.0,14.141066629204218,,3.63,True,0.9279,0.9899,0.8378,1.0,0.9362,S1,Aceleración,Baja
2021-07,M06,"Comercio, transporte y turismo",18.4352,3.97,2.0,14.141066629204218,,3.97,True,0.973,0.9899,0.7568,1.0,0.938,S1,Aceleración,Baja
2021-08,M06,"Comercio, transporte y turismo",20.474,4.44,2.0,11.6536,,4.44,True,0.991,0.9899,0.6757,1.0,0.929,S1,Aceleración,Baja
2021-09,M06,"Comercio, transporte y turismo",20.7846,4.51,2.0,3.642,,4.51,True,0.991,0.6768,0.6667,1.0,0.8489,S1,Aceleración,Baja
2021-10,M06,"Comercio, transporte y turismo",20.9549,4.58,2.0,1.1001,,4.58,True,0.991,0.3939,0.6577,1.0,0.7764,S2,Crecimiento,Moderada
2021-11,M06,"Comercio, transporte y turismo",20.4531,5.26,2.0,2.1864,,5.26,True,0.991,0.5354,0.5135,1.0,0.783,S2,Crecimiento,Moderada
2021-12,M06,"Comercio, transporte y turismo",20.4093,5.62,2.3871,1.338,,5.62,True,0.991,0.4242,0.4324,1.0,0.7389,S2,Crecimiento,Moderada
2022-01,M06,"Comercio, transporte y turismo",23.4566,6.94,3.0323,10.2367,,6.94,True,0.991,0.9394,0.3514,1.0,0.8515,S1,Aceleración,Baja
2022-02,M06,"Comercio, transporte y turismo",16.3026,8.01,4.0,9.1331,,8.01,True,0.9369,0.9293,0.2523,0.9909,0.8062,S1,Aceleración,Baja
2022-03,M06,"Comercio, transporte y turismo",14.6119,8.53,4.0,10.6696,,8.53,True,0.9099,0.9495,0.2162,0.9909,0.7932,S2,Crecimiento,Moderada
2022-04,M06,"Comercio, transporte y turismo",16.8549,9.23,5.0,14.141066629204218,,9.23,True,0.9459,0.9899,0.1802,0.9727,0.8078,S1,Aceleración,Baja
2022-05,M06,"Comercio, transporte y turismo",19.1967,9.07,5.9677,11.1343,,9.07,True,0.982,0.9596,0.1892,0.7271,0.7796,S2,Crecimiento,Moderada
2022-06,M06,"Comercio, transporte y turismo",18.7373,9.67,6.0,8.0012,,9.67,True,0.973,0.8788,0.1622,0.718,0.749,S2,Crecimiento,Moderada
2022-07,M06,"Comercio, transporte y turismo",17.8342,10.21,6.0,7.9793,,10.21,True,0.964,0.8687,0.1441,0.718,0.7393,S2,Crecimiento,Moderada
2022-08,M06,"Comercio, transporte y turismo",16.9325,10.84,9.0,8.4018,,10.84,True,0.955,0.9192,0.1261,0.5087,0.7133,S2,Crecimiento,Moderada
2022-09,M06,"Comercio, transporte y turismo",15.9969,11.44,9.0333,11.4373,,11.44,True,0.9279,0.9697,0.0991,0.4996,0.7083,S2,Crecimiento,Moderada
2022-10,M06,"Comercio, transporte y turismo",14.6975,12.22,10.0323,8.3982,,12.22,True,0.9189,0.9091,0.0721,0.4905,0.6828,S2,Crecimiento,Moderada
2022-11,M06,"Comercio, transporte y turismo",12.9382,12.53,11.0,2.9275,,12.53,True,0.9009,0.596,0.0541,0.4814,0.5924,S3,Estabilidad,Moderada
2022-12,M06,"Comercio, transporte y turismo",11.8841,13.12,11.4194,0.8335,,13.12,True,0.8919,0.3434,0.036,0.4723,0.5207,S3,Estabilidad,Moderada
2023-01,M06,"Comercio, transporte y turismo",-1.7474,13.25,12.0,8.0953,,13.25,True,0.0721,0.8889,0.027,0.4632,0.3259,S4,Decrecimiento,Media
2023-02,M06,"Comercio, transporte y turismo",0.8509,13.28,12.0,5.7743,,13.28,True,0.1982,0.798,0.018,0.4632,0.3519,S4,Decrecimiento,Media
2023-03,M06,"Comercio, transporte y turismo",-0.9902,13.34,12.0323,2.2113,,13.34,True,0.1081,0.5354,0.009,0.445,0.2456,S4,Decrecimiento,Media
2023-04,M06,"Comercio, transporte y turismo",-1.2093,12.82,13.0,1.9698,,12.82,True,0.0811,0.5152,0.045,0.4359,0.2356,S4,Decrecimiento,Media
2023-05,M06,"Comercio, transporte y turismo",-1.9276,12.36,13.0,8.3455,,12.36,True,0.0631,0.899,0.0631,0.4359,0.328,S4,Decrecimiento,Media
2023-06,M06,"Comercio, transporte y turismo",-2.5951,12.13,13.0,4.5957,,12.13,True,0.0541,0.7273,0.0811,0.4359,0.2851,S4,Decrecimiento,Media
2023-07,M06,"Comercio, transporte y turismo",-3.0927,11.78,13.0,6.5344,,11.78,True,0.045,0.8384,0.0901,0.4359,0.311,S4,Decrecimiento,Media
2023-08,M06,"Comercio, transporte y turismo",-3.3426,11.43,13.0,1.5061,,11.43,True,0.036,0.4646,0.1081,0.4359,0.2176,S4,Decrecimiento,Media
2023-09,M06,"Comercio, transporte y turismo",-3.748,10.99,13.0,3.0449,,10.99,True,0.018,0.6061,0.1171,0.4359,0.2475,S4,Decrecimiento,Media
2023-10,M06,"Comercio, transporte y turismo",-4.0921,10.48,13.0,2.1018,,10.48,True,0.0,0.5253,0.1351,0.4359,0.2237,S4,Decrecimiento,Media
2023-11,M06,"Comercio, transporte y turismo",-3.7499,10.15,13.0,3.6341,,10.15,True,0.009,0.6667,0.1532,0.4359,0.2663,S4,Decrecimiento,Media
2023-12,M06,"Comercio, transporte y turismo",-3.6386,9.28,13.0,6.7119,,9.28,True,0.027,0.8485,0.1712,0.4359,0.3226,S4,Decrecimiento,Media
2024-01,M06,"Comercio, transporte y turismo",-0.9738,8.35,13.0,-0.7104,,8.35,True,0.1171,0.1717,0.2252,0.4359,0.2002,S4,Decrecimiento,Media
2024-02,M06,"Comercio, transporte y turismo",-1.1738,7.74,13.0,-1.3067,,7.74,True,0.0901,0.1313,0.2793,0.4359,0.1901,S5,Contracción,Alta
2024-03,M06,"Comercio, transporte y turismo",-1.0808,7.36,13.0,1.2674,,7.36,True,0.0991,0.404,0.3063,0.4359,0.2673,S4,Decrecimiento,Media
2024-04,M06,"Comercio, transporte y turismo",-0.8857,7.16,13.0,1.8234,,7.16,True,0.1261,0.5051,0.3423,0.4359,0.3106,S4,Decrecimiento,Media
2024-05,M06,"Comercio, transporte y turismo",-0.686,7.16,13.0,-0.8183,,7.16,True,0.1351,0.1616,0.3423,0.4359,0.2283,S4,Decrecimiento,Media
2024-06,M06,"Comercio, transporte y turismo",-0.4302,7.18,13.0,0.3817,,7.18,True,0.1441,0.2727,0.3243,0.4359,0.2561,S4,Decrecimiento,Media
2024-07,M06,"Comercio, transporte y turismo",-0.2938,6.86,13.0,-2.6413,,6.86,True,0.1532,0.0505,0.3604,0.4359,0.2114,S4,Decrecimiento,Media
2024-08,M06,"Comercio, transporte y turismo",0.0238,6.12,13.0,4.5792,,6.12,True,0.1622,0.7172,0.3964,0.4359,0.3888,S4,Decrecimiento,Media
2024-09,M06,"Comercio, transporte y turismo",0.147,5.81,13.0,0.4042,,5.81,True,0.1802,0.2929,0.4234,0.4359,0.2954,S4,Decrecimiento,Media
2024-10,M06,"Comercio, transporte y turismo",0.5904,5.41,13.0,2.426,,5.41,True,0.1892,0.5455,0.4685,0.4359,0.3711,S4,Decrecimiento,Media
2024-11,M06,"Comercio, transporte y turismo",1.0098,5.2,13.0,3.4484,,5.2,True,0.2072,0.6465,0.5405,0.4359,0.418,S3,Estabilidad,Moderada
2024-12,M06,"Comercio, transporte y turismo",1.2326,5.2,13.0,5.931,,5.2,True,0.2162,0.8182,0.5405,0.4359,0.4645,S3,Estabilidad,Moderada
2025-01,M06,"Comercio, transporte y turismo",4.8494,5.22,13.0,7.0451,,5.22,True,0.8288,0.8586,0.5225,0.4359,0.7161,S2,Crecimiento,Moderada
2025-02,M06,"Comercio, transporte y turismo",4.2301,5.28,13.0,5.6571,,5.28,True,0.7748,0.7879,0.5135,0.4359,0.675,S2,Crecimiento,Moderada
2025-03,M06,"Comercio, transporte y turismo",4.2968,5.09,13.0,5.2819,,5.09,True,0.7928,0.7576,0.5946,0.4359,0.6908,S2,Crecimiento,Moderada
2025-04,M06,"Comercio, transporte y turismo",4.6757,5.16,13.0,4.2942,,5.16,True,0.8108,0.7071,0.5676,0.4359,0.68,S2,Crecimiento,Moderada
2025-05,M06,"Comercio, transporte y turismo",5.1085,5.05,13.0,5.3946,,5.05,True,0.8559,0.7677,0.6036,0.4359,0.7204,S2,Crecimiento,Moderada
2025-06,M06,"Comercio, transporte y turismo",5.09,4.82,13.0,2.5296,,4.82,True,0.8468,0.5556,0.6216,0.4359,0.6673,S2,Crecimiento,Moderada
2025-07,M06,"Comercio, transporte y turismo",5.2699,4.9,13.0,6.1567,,4.9,True,0.8829,0.8283,0.6126,0.4359,0.7481,S2,Crecimiento,Moderada
2025-08,M06,"Comercio, transporte y turismo",5.1822,5.1,13.0,0.9261,,5.1,True,0.8739,0.3535,0.5856,0.4359,0.6204,S2,Crecimiento,Moderada
2025-09,M06,"Comercio, transporte y turismo",5.129,5.18,13.0,2.8218,,5.18,True,0.8649,0.5758,0.5586,0.4359,0.667,S2,Crecimiento,Moderada
2025-10,M06,"Comercio, transporte y turismo",4.9623,5.51,13.0,3.7963,,5.51,True,0.8378,0.6869,0.4505,0.4359,0.6623,S2,Crecimiento,Moderada
2025-11,M06,"Comercio, transporte y turismo",4.7827,5.3,13.0,5.4129,,5.3,True,0.8198,0.7778,0.4955,0.4359,0.6869,S2,Crecimiento,Moderada
2025-12,M06,"Comercio, transporte y turismo",4.5987,5.1,13.0,0.0625,,5.1,True,0.8018,0.2525,0.5856,0.4359,0.5664,S3,Estabilidad,Moderada
2026-01,M06,"Comercio, transporte y turismo",2.2403,5.35,13.0,-2.275,,5.35,True,0.3333,0.0707,0.4865,0.4359,0.3137,S4,Decrecimiento,Media
2026-02,M06,"Comercio, transporte y turismo",2.6881,5.29,13.0,-0.9891,,5.29,True,0.4414,0.1414,0.5045,0.4359,0.3782,S4,Decrecimiento,Media
2026-03,M06,"Comercio, transporte y turismo",2.6881,5.56,13.0,1.7642,,5.56,False,0.4414,0.4949,0.4414,0.4359,0.454,S3,Estabilidad,Moderada
2015-01,M07,TIC y economía digital,3.1182,3.82,13.0,,,3.82,True,0.8198,,0.8018,0.4359,0.7382,S2,Crecimiento,Moderada
2015-02,M07,TIC y economía digital,1.2392,4.36,13.0,,,4.36,True,0.4775,,0.7117,0.4359,0.5316,S3,Estabilidad,Moderada
2015-03,M07,TIC y economía digital,0.7386,4.56,13.0,,,4.56,True,0.3874,,0.6667,0.4359,0.4716,S3,Estabilidad,Moderada
2015-04,M07,TIC y economía digital,0.1107,4.64,13.0,,,4.64,True,0.2793,,0.6577,0.4359,0.4115,S3,Estabilidad,Moderada
2015-05,M07,TIC y economía digital,-0.1994,4.41,13.0,,,4.41,True,0.2432,,0.6937,0.4359,0.4019,S3,Estabilidad,Moderada
2015-06,M07,TIC y economía digital,-0.1347,4.42,13.0,,,4.42,True,0.2613,,0.6847,0.4359,0.4091,S3,Estabilidad,Moderada
2015-07,M07,TIC y economía digital,0.3747,4.46,13.0,,,4.46,True,0.3153,,0.6757,0.4359,0.4355,S3,Estabilidad,Moderada
2015-08,M07,TIC y economía digital,0.9129,4.74,13.0,,,4.74,True,0.4234,,0.6306,0.4359,0.4812,S3,Estabilidad,Moderada
2015-09,M07,TIC y economía digital,1.253,5.35,13.0,,,5.35,True,0.4955,,0.4865,0.4359,0.4812,S3,Estabilidad,Moderada
2015-10,M07,TIC y economía digital,1.4187,5.89,13.0,,,5.89,True,0.5766,,0.4144,0.4359,0.5052,S3,Estabilidad,Moderada
2015-11,M07,TIC y economía digital,1.3913,6.39,13.0,,,6.39,True,0.5495,,0.3874,0.4359,0.4836,S3,Estabilidad,Moderada
2015-12,M07,TIC y economía digital,1.2979,6.77,13.0,,,6.77,True,0.5135,,0.3694,0.4359,0.4596,S3,Estabilidad,Moderada
2016-01,M07,TIC y economía digital,3.8431,7.45,13.0,-15.8966,,7.45,True,0.8649,0.1414,0.2973,0.4359,0.5062,S3,Estabilidad,Moderada
2016-02,M07,TIC y economía digital,1.2035,7.59,6.0,-0.5812,,7.59,True,0.4685,0.4949,0.2883,0.718,0.4765,S3,Estabilidad,Moderada
2016-03,M07,TIC y economía digital,0.2467,7.98,6.0,-2.2558,,7.98,True,0.2883,0.4646,0.2613,0.718,0.3914,S4,Decrecimiento,Media
2016-04,M07,TIC y economía digital,0.3273,7.93,6.0,-21.0397,,7.93,True,0.3063,0.0505,0.2703,0.718,0.2969,S4,Decrecimiento,Media
2016-05,M07,TIC y economía digital,0.4246,8.2,6.9677,-6.0023,,8.2,True,0.3333,0.3434,0.2342,0.6634,0.3655,S4,Decrecimiento,Media
2016-06,M07,TIC y economía digital,0.4469,8.6,7.0,-19.6025,,8.6,True,0.3423,0.0808,0.2072,0.6543,0.2967,S4,Decrecimiento,Media
2016-07,M07,TIC y economía digital,0.3835,8.97,7.0,-16.2016,,8.97,True,0.3243,0.1111,0.1982,0.6543,0.2953,S4,Decrecimiento,Media
2016-08,M07,TIC y economía digital,0.2702,8.1,7.0,-8.5364,,8.1,True,0.2973,0.2727,0.2432,0.6543,0.3339,S4,Decrecimiento,Media
2016-09,M07,TIC y economía digital,0.0191,7.27,7.0,7.7018,,7.27,True,0.2703,0.6869,0.3153,0.6543,0.441,S3,Estabilidad,Moderada
2016-10,M07,TIC y economía digital,-0.2583,6.48,7.0,-16.1119,,6.48,True,0.2252,0.1212,0.3784,0.6543,0.2942,S4,Decrecimiento,Media
2016-11,M07,TIC y economía digital,-0.4495,5.96,7.0,-25.6947,,5.96,True,0.1982,0.0,0.4054,0.6543,0.2585,S4,Decrecimiento,Media
2016-12,M07,TIC y economía digital,-0.6552,5.75,7.0,-21.8496,,5.75,True,0.1802,0.0303,0.4324,0.6543,0.2643,S4,Decrecimiento,Media
2017-01,M07,TIC y economía digital,-4.733,5.47,7.0,-9.1837,,5.47,True,0.0,0.2424,0.4595,0.6543,0.2506,S4,Decrecimiento,Media
2017-02,M07,TIC y economía digital,-2.1471,5.18,7.0,7.2234,,5.18,True,0.027,0.6768,0.5586,0.6543,0.3899,S4,Decrecimiento,Media
2017-03,M07,TIC y economía digital,-0.718,4.69,7.0,9.0809,,4.69,True,0.1622,0.7374,0.6396,0.6543,0.4753,S3,Estabilidad,Moderada
2017-04,M07,TIC y economía digital,-0.9613,4.66,7.0,6.0453,,4.66,True,0.1171,0.6465,0.6486,0.6543,0.4363,S3,Estabilidad,Moderada
2017-05,M07,TIC y economía digital,-0.4022,4.37,7.0,3.4564,,4.37,True,0.2072,0.596,0.7027,0.6543,0.4706,S3,Estabilidad,Moderada
2017-06,M07,TIC y economía digital,-0.3943,3.99,7.0,8.556,,3.99,True,0.2162,0.7071,0.7477,0.6543,0.5109,S3,Estabilidad,Moderada
2017-07,M07,TIC y economía digital,-0.7595,3.4,7.0,12.9973,,3.4,True,0.1532,0.8485,0.8559,0.6543,0.5427,S3,Estabilidad,Moderada
2017-08,M07,TIC y economía digital,-1.1787,3.87,7.0,-2.4893,,3.87,True,0.0901,0.4444,0.7658,0.6543,0.3984,S4,Decrecimiento,Media
2017-09,M07,TIC y economía digital,-1.2009,3.97,7.0,0.6962,,3.97,True,0.0811,0.5354,0.7568,0.6543,0.4158,S3,Estabilidad,Moderada
2017-10,M07,TIC y economía digital,-1.3344,4.05,6.871,3.5105,,4.05,True,0.0721,0.6061,0.7387,0.6725,0.429,S3,Estabilidad,Moderada
2017-11,M07,TIC y economía digital,-1.0921,4.12,5.0,-3.5753,,4.12,True,0.0991,0.404,0.7207,0.9727,0.4307,S3,Estabilidad,Moderada
2017-12,M07,TIC y economía digital,-0.1932,4.09,5.0,-13.3623,,4.09,True,0.2523,0.1818,0.7297,0.9727,0.4382,S3,Estabilidad,Moderada
2018-01,M07,TIC y economía digital,-0.6904,3.68,5.0,3.0221,,3.68,True,0.1712,0.5859,0.8378,0.9727,0.5284,S3,Estabilidad,Moderada
2018-02,M07,TIC y economía digital,0.819,3.37,5.0,-2.3583,,3.37,True,0.4144,0.4545,0.8649,0.9727,0.5983,S3,Estabilidad,Moderada
2018-03,M07,TIC y economía digital,0.7931,3.14,5.0,-13.6772,,3.14,True,0.4054,0.1717,0.964,0.9727,0.5438,S3,Estabilidad,Moderada
2018-04,M07,TIC y economía digital,1.5906,3.13,5.0,-8.8593,,3.13,True,0.6306,0.2626,0.973,0.9727,0.6584,S2,Crecimiento,Moderada
2018-05,M07,TIC y economía digital,1.3281,3.16,5.0,-8.2856,,3.16,True,0.5405,0.2828,0.9459,0.9727,0.622,S2,Crecimiento,Moderada
2018-06,M07,TIC y economía digital,1.6862,3.2,5.0,-6.9488,,3.2,True,0.6577,0.3333,0.9279,0.9727,0.6779,S2,Crecimiento,Moderada
2018-07,M07,TIC y economía digital,2.2255,3.12,5.0,-7.7366,,3.12,True,0.7297,0.303,0.982,0.9727,0.7099,S2,Crecimiento,Moderada
2018-08,M07,TIC y economía digital,3.0573,3.1,5.0,-7.3541,,3.1,True,0.8108,0.3131,0.991,0.9727,0.7467,S2,Crecimiento,Moderada
2018-09,M07,TIC y economía digital,3.4451,3.23,5.0,8.1325,,3.23,True,0.8378,0.697,0.9099,0.9727,0.8373,S1,Aceleración,Baja
2018-10,M07,TIC y economía digital,3.9043,3.33,5.0,-0.2624,,3.33,True,0.8739,0.5051,0.8739,0.9727,0.7965,S2,Crecimiento,Moderada
2018-11,M07,TIC y economía digital,3.7838,3.27,5.0,-4.1191,,3.27,True,0.8559,0.3737,0.8919,0.9727,0.7601,S2,Crecimiento,Moderada
2018-12,M07,TIC y economía digital,3.523,3.18,5.0,23.2707,,3.18,True,0.8468,0.9192,0.9369,0.9727,0.9018,S1,Aceleración,Baja
2019-01,M07,TIC y economía digital,4.8086,3.15,5.0,-10.9941,,3.15,True,0.8829,0.202,0.955,0.9727,0.7406,S2,Crecimiento,Moderada
2019-02,M07,TIC y economía digital,3.1395,3.01,5.0,-8.0783,,3.01,True,0.8288,0.2929,1.0,0.9727,0.7507,S2,Crecimiento,Moderada
2019-03,M07,TIC y economía digital,3.0151,3.21,5.0,1.4319,,3.21,True,0.8018,0.5556,0.9189,0.9727,0.7893,S2,Crecimiento,Moderada
2019-04,M07,TIC y economía digital,2.7139,3.25,5.0,25.6574,,3.25,True,0.7658,0.9495,0.9009,0.9727,0.8698,S1,Aceleración,Baja
2019-05,M07,TIC y economía digital,2.8486,3.31,5.0,4.1761,,3.31,True,0.7838,0.6162,0.8829,0.9727,0.7901,S2,Crecimiento,Moderada
2019-06,M07,TIC y economía digital,2.7956,3.43,5.0,7.1663,,3.43,True,0.7748,0.6667,0.8468,0.9727,0.7919,S2,Crecimiento,Moderada
2019-07,M07,TIC y economía digital,2.3842,3.79,5.0,-19.7956,,3.79,True,0.7477,0.0707,0.8198,0.9727,0.6266,S2,Crecimiento,Moderada
2019-08,M07,TIC y economía digital,1.7806,3.75,5.0,5.8137,,3.75,True,0.6847,0.6364,0.8288,0.9727,0.7446,S2,Crecimiento,Moderada
2019-09,M07,TIC y economía digital,1.4019,3.82,5.0,-7.2678,,3.82,True,0.5586,0.3232,0.8018,0.9727,0.6105,S2,Crecimiento,Moderada
2019-10,M07,TIC y economía digital,1.2485,3.86,5.0,-14.9512,,3.86,True,0.4865,0.1515,0.7748,0.9727,0.5333,S3,Estabilidad,Moderada
2019-11,M07,TIC y economía digital,1.3247,3.84,5.0,-10.9293,,3.84,True,0.5315,0.2121,0.7838,0.9727,0.5683,S3,Estabilidad,Moderada
2019-12,M07,TIC y economía digital,0.9189,3.8,5.0,-21.5771,,3.8,True,0.4324,0.0404,0.8108,0.9727,0.4911,S3,Estabilidad,Moderada
2020-01,M07,TIC y economía digital,0.2385,3.62,5.0,21.2665,,3.62,True,0.2883,0.8889,0.8378,0.9727,0.651,S2,Crecimiento,Moderada
2020-02,M07,TIC y economía digital,0.714,3.72,5.0,-7.7586,,3.72,True,0.3874,0.303,0.8288,0.9727,0.5424,S3,Estabilidad,Moderada
2020-03,M07,TIC y economía digital,-0.2088,3.86,5.0,-3.8291,,3.86,True,0.2432,0.3838,0.7748,0.9727,0.4941,S3,Estabilidad,Moderada
2020-04,M07,TIC y economía digital,-1.0378,3.51,5.0,-28.3815,,3.51,True,0.1171,0.0,0.8378,0.9727,0.3603,S4,Decrecimiento,Media
2020-05,M07,TIC y economía digital,-2.1548,2.85,5.0,-25.2577,,2.85,True,0.027,0.0202,1.0,0.9727,0.3618,S4,Decrecimiento,Media
2020-06,M07,TIC y economía digital,-3.0255,2.19,5.0,-13.1412,,2.19,True,0.009,0.1919,1.0,0.9727,0.3975,S4,Decrecimiento,Media
2020-07,M07,TIC y economía digital,-2.5688,1.97,5.0,0.4684,,1.97,True,0.009,0.5354,1.0,0.9727,0.4834,S3,Estabilidad,Moderada
2020-08,M07,TIC y economía digital,-2.4986,1.88,5.0,-22.285,,1.88,True,0.009,0.0303,1.0,0.9727,0.3571,S4,Decrecimiento,Media
2020-09,M07,TIC y economía digital,-2.6487,1.97,2.0,-13.7905,,1.97,True,0.009,0.1717,1.0,1.0,0.3965,S4,Decrecimiento,Media
2020-10,M07,TIC y economía digital,-3.0319,1.75,2.0,2.9184,,1.75,True,0.009,0.5859,1.0,1.0,0.5001,S3,Estabilidad,Moderada
2020-11,M07,TIC y economía digital,-3.0056,1.49,2.0,20.2555,,1.49,True,0.009,0.8889,1.0,1.0,0.5758,S3,Estabilidad,Moderada
2020-12,M07,TIC y economía digital,-2.7718,1.61,2.0,10.2329,,1.61,True,0.009,0.7778,1.0,1.0,0.5481,S3,Estabilidad,Moderada
2021-01,M07,TIC y economía digital,0.7398,1.6,2.0,19.8289,,1.6,True,0.3964,0.8889,1.0,1.0,0.7308,S2,Crecimiento,Moderada
2021-02,M07,TIC y economía digital,2.0849,1.56,2.0,20.762,,1.56,True,0.7207,0.8889,1.0,1.0,0.8605,S1,Aceleración,Baja
2021-03,M07,TIC y economía digital,3.6819,1.51,2.0,21.9806,,1.51,True,0.8559,0.8889,1.0,1.0,0.9146,S1,Aceleración,Baja
2021-04,M07,TIC y economía digital,5.1043,1.95,2.0,20.4509,,1.95,True,0.8919,0.8889,1.0,1.0,0.929,S1,Aceleración,Baja
2021-05,M07,TIC y economía digital,6.4842,3.3,2.0,23.863,,3.3,True,0.8919,0.9293,0.8829,1.0,0.9157,S1,Aceleración,Baja
2021-06,M07,TIC y economía digital,7.8011,3.63,2.0,24.803,,3.63,True,0.8919,0.9293,0.8378,1.0,0.9066,S1,Aceleración,Baja
2021-07,M07,TIC y economía digital,8.1489,3.97,2.0,33.6885,,3.97,True,0.8919,0.9899,0.7568,1.0,0.9056,S1,Aceleración,Baja
2021-08,M07,TIC y economía digital,8.8648,4.44,2.0,33.0966,,4.44,True,0.8919,0.9899,0.6757,1.0,0.8894,S1,Aceleración,Baja
2021-09,M07,TIC y economía digital,9.9398,4.51,2.0,21.6547,,4.51,True,0.8919,0.8889,0.6667,1.0,0.8623,S1,Aceleración,Baja
2021-10,M07,TIC y economía digital,11.1071,4.58,2.0,33.9328,,4.58,True,0.8919,1.0,0.6577,1.0,0.8883,S1,Aceleración,Baja
2021-11,M07,TIC y economía digital,12.1474,5.26,2.0,30.8692,,5.26,True,0.8919,0.9798,0.5135,1.0,0.8544,S1,Aceleración,Baja
2021-12,M07,TIC y economía digital,12.7502,5.62,2.3871,22.4676,,5.62,True,0.9009,0.8889,0.4324,1.0,0.8191,S1,Aceleración,Baja
2022-01,M07,TIC y economía digital,22.272,6.94,3.0323,-0.1778,,6.94,True,0.991,0.5152,0.3514,1.0,0.7455,S2,Crecimiento,Moderada
2022-02,M07,TIC y economía digital,20.9851,8.01,4.0,9.0434,,8.01,True,0.982,0.7273,0.2523,0.9909,0.7737,S2,Crecimiento,Moderada
2022-03,M07,TIC y economía digital,20.3924,8.53,4.0,-3.6667,,8.53,True,0.973,0.3939,0.2162,0.9909,0.6795,S2,Crecimiento,Moderada
2022-04,M07,TIC y economía digital,19.4625,9.23,5.0,22.7277,,9.23,True,0.964,0.899,0.1802,0.9727,0.7923,S2,Crecimiento,Moderada
2022-05,M07,TIC y economía digital,18.9498,9.07,5.9677,6.653,,9.07,True,0.955,0.6566,0.1892,0.7271,0.6931,S2,Crecimiento,Moderada
2022-06,M07,TIC y economía digital,18.2995,9.67,6.0,29.1936,,9.67,True,0.9459,0.9697,0.1622,0.718,0.7609,S2,Crecimiento,Moderada
2022-07,M07,TIC y economía digital,17.5861,10.21,6.0,-2.5096,,10.21,True,0.9369,0.4343,0.1441,0.718,0.6199,S2,Crecimiento,Moderada
2022-08,M07,TIC y economía digital,16.9666,10.84,9.0,8.9986,,10.84,True,0.9279,0.7172,0.1261,0.5087,0.652,S2,Crecimiento,Moderada
2022-09,M07,TIC y economía digital,16.1506,11.44,9.0333,1.4041,,11.44,True,0.9189,0.5455,0.0991,0.4996,0.5987,S3,Estabilidad,Moderada
2022-10,M07,TIC y economía digital,14.7148,12.22,10.0323,-9.1386,,12.22,True,0.9099,0.2525,0.0721,0.4905,0.5151,S3,Estabilidad,Moderada
2022-11,M07,TIC y economía digital,13.3389,12.53,11.0,-3.7954,,12.53,True,0.9009,0.3838,0.0541,0.4814,0.5393,S3,Estabilidad,Moderada
2022-12,M07,TIC y economía digital,12.3264,13.12,11.4194,5.2225,,13.12,True,0.8919,0.6263,0.036,0.4723,0.5914,S3,Estabilidad,Moderada
2023-01,M07,TIC y economía digital,3.0021,13.25,12.0,11.5963,,13.25,True,0.7928,0.798,0.027,0.4632,0.5915,S3,Estabilidad,Moderada
2023-02,M07,TIC y economía digital,2.5647,13.28,12.0,-10.893,,13.28,True,0.7568,0.2222,0.018,0.4632,0.4314,S3,Estabilidad,Moderada
2023-03,M07,TIC y economía digital,2.2841,13.34,12.0323,11.8432,,13.34,True,0.7387,0.8081,0.009,0.445,0.5661,S3,Estabilidad,Moderada
2023-04,M07,TIC y economía digital,2.0318,12.82,13.0,1.9784,,12.82,True,0.7117,0.5758,0.045,0.4359,0.503,S3,Estabilidad,Moderada
2023-05,M07,TIC y economía digital,1.6741,12.36,13.0,22.5936,,12.36,True,0.6486,0.8889,0.0631,0.4359,0.5597,S3,Estabilidad,Moderada
2023-06,M07,TIC y economía digital,1.5366,12.13,13.0,-22.6678,,12.13,True,0.6036,0.0202,0.0811,0.4359,0.3281,S4,Decrecimiento,Media
2023-07,M07,TIC y economía digital,0.9368,11.78,13.0,9.9966,,11.78,True,0.4414,0.7677,0.0901,0.4359,0.4519,S3,Estabilidad,Moderada
2023-08,M07,TIC y economía digital,0.762,11.43,13.0,13.6357,,11.43,True,0.3964,0.8586,0.1081,0.4359,0.4602,S3,Estabilidad,Moderada
2023-09,M07,TIC y economía digital,0.5593,10.99,13.0,30.9562,,10.99,True,0.3514,0.9798,0.1171,0.4359,0.4743,S3,Estabilidad,Moderada
2023-10,M07,TIC y economía digital,1.4601,10.48,13.0,11.0496,,10.48,True,0.5946,0.7879,0.1351,0.4359,0.5272,S3,Estabilidad,Moderada
2023-11,M07,TIC y economía digital,1.6591,10.15,13.0,12.8582,,10.15,True,0.6396,0.8384,0.1532,0.4359,0.5615,S3,Estabilidad,Moderada
2023-12,M07,TIC y economía digital,1.5378,9.28,13.0,-16.632,,9.28,True,0.6126,0.101,0.1712,0.4359,0.3699,S4,Decrecimiento,Media
2024-01,M07,TIC y economía digital,-1.5604,8.35,13.0,-15.9511,,8.35,True,0.0631,0.1313,0.2252,0.4359,0.1685,S5,Contracción,Alta
2024-02,M07,TIC y economía digital,-2.1935,7.74,13.0,9.1678,,7.74,True,0.018,0.7475,0.2793,0.4359,0.3153,S4,Decrecimiento,Media
2024-03,M07,TIC y economía digital,-2.4044,7.36,13.0,-14.1917,,7.36,True,0.009,0.1616,0.3063,0.4359,0.1706,S5,Contracción,Alta
2024-04,M07,TIC y economía digital,-2.0122,7.16,13.0,-3.2989,,7.16,True,0.036,0.4141,0.3423,0.4359,0.2518,S4,Decrecimiento,Media
2024-05,M07,TIC y economía digital,-1.561,7.16,13.0,-5.9457,,7.16,True,0.0541,0.3636,0.3423,0.4359,0.2464,S4,Decrecimiento,Media
2024-06,M07,TIC y economía digital,-1.6776,7.18,13.0,33.9024,,7.18,True,0.045,0.9899,0.3243,0.4359,0.3957,S4,Decrecimiento,Media
2024-07,M07,TIC y economía digital,-1.0771,6.86,13.0,16.7665,,6.86,True,0.1081,0.8788,0.3604,0.4359,0.4004,S3,Estabilidad,Moderada
2024-08,M07,TIC y economía digital,-0.7939,6.12,13.0,-0.6883,,6.12,True,0.1351,0.4848,0.3964,0.4359,0.3199,S4,Decrecimiento,Media
2024-09,M07,TIC y economía digital,-0.5704,5.81,13.0,-20.6421,,5.81,True,0.1892,0.0606,0.4234,0.4359,0.2409,S4,Decrecimiento,Media
2024-10,M07,TIC y economía digital,-0.841,5.41,13.0,-11.1517,,5.41,True,0.1261,0.1919,0.4685,0.4359,0.2575,S4,Decrecimiento,Media
2024-11,M07,TIC y economía digital,-0.7605,5.2,13.0,9.2548,,5.2,True,0.1441,0.7576,0.5405,0.4359,0.4205,S3,Estabilidad,Moderada
2024-12,M07,TIC y economía digital,-0.2094,5.2,13.0,24.8147,,5.2,True,0.2342,0.9293,0.5405,0.4359,0.4995,S3,Estabilidad,Moderada
2025-01,M07,TIC y economía digital,0.6884,5.22,13.0,1.893,,5.22,True,0.3604,0.5657,0.5225,0.4359,0.4555,S3,Estabilidad,Moderada
2025-02,M07,TIC y economía digital,2.0852,5.28,13.0,-9.5746,,5.28,True,0.7207,0.2323,0.5135,0.4359,0.5144,S3,Estabilidad,Moderada
2025-03,M07,TIC y economía digital,1.0538,5.09,13.0,22.9838,,5.09,True,0.4595,0.9091,0.5946,0.4359,0.5954,S3,Estabilidad,Moderada
2025-04,M07,TIC y economía digital,1.402,5.16,13.0,15.0614,,5.16,True,0.5676,0.8687,0.5676,0.4359,0.6231,S2,Crecimiento,Moderada
2025-05,M07,TIC y economía digital,1.2979,5.05,13.0,10.5676,,5.05,True,0.5135,0.7778,0.6036,0.4359,0.586,S3,Estabilidad,Moderada
2025-06,M07,TIC y economía digital,1.8201,4.82,13.0,-25.3055,,4.82,True,0.6937,0.0101,0.6216,0.4359,0.4697,S3,Estabilidad,Moderada
2025-07,M07,TIC y economía digital,1.9352,4.9,13.0,-18.2831,,4.9,True,0.7027,0.0909,0.6126,0.4359,0.4917,S3,Estabilidad,Moderada
2025-08,M07,TIC y economía digital,1.6974,5.1,13.0,-2.6417,,5.1,True,0.6667,0.4242,0.5856,0.4359,0.5552,S3,Estabilidad,Moderada
2025-09,M07,TIC y economía digital,1.7263,5.18,13.0,12.2758,,5.18,True,0.6757,0.8182,0.5586,0.4359,0.6519,S2,Crecimiento,Moderada
2025-10,M07,TIC y economía digital,1.455,5.51,13.0,12.721,,5.51,True,0.5856,0.8283,0.4505,0.4359,0.5968,S3,Estabilidad,Moderada
2025-11,M07,TIC y economía digital,1.2673,5.3,13.0,0.4553,,5.3,True,0.5045,0.5253,0.4955,0.4359,0.4976,S3,Estabilidad,Moderada
2025-12,M07,TIC y economía digital,0.9688,5.1,13.0,-5.9617,,5.1,True,0.4505,0.3535,0.5856,0.4359,0.4511,S3,Estabilidad,Moderada
2026-01,M07,TIC y economía digital,1.5449,5.35,13.0,25.2292,,5.35,True,0.6216,0.9394,0.4865,0.4359,0.6462,S2,Crecimiento,Moderada
2026-02,M07,TIC y economía digital,0.7044,5.29,13.0,27.3401,,5.29,True,0.3694,0.9596,0.5045,0.4359,0.5539,S3,Estabilidad,Moderada
2026-03,M07,TIC y economía digital,0.7044,5.56,13.0,-1.0995,,5.56,False,0.3694,0.4747,0.4414,0.4359,0.4201,S3,Estabilidad,Moderada
2015-01,M08,Financiero y seguros,18.9535,3.82,13.0,,,3.82,True,0.964,,0.8018,0.4359,0.8151,S1,Aceleración,Baja
2015-02,M08,Financiero y seguros,13.5406,4.36,13.0,,,4.36,True,0.9279,,0.7117,0.4359,0.7718,S2,Crecimiento,Moderada
2015-03,M08,Financiero y seguros,11.2128,4.56,13.0,,,4.56,True,0.9009,,0.6667,0.4359,0.7454,S2,Crecimiento,Moderada
2015-04,M08,Financiero y seguros,10.6403,4.64,13.0,,,4.64,True,0.8829,,0.6577,0.4359,0.7334,S2,Crecimiento,Moderada
2015-05,M08,Financiero y seguros,10.3179,4.41,13.0,,,4.41,True,0.8739,,0.6937,0.4359,0.7382,S2,Crecimiento,Moderada
2015-06,M08,Financiero y seguros,9.9149,4.42,13.0,,,4.42,True,0.8559,,0.6847,0.4359,0.7262,S2,Crecimiento,Moderada
2015-07,M08,Financiero y seguros,11.1957,4.46,13.0,,,4.46,True,0.8919,,0.6757,0.4359,0.743,S2,Crecimiento,Moderada
2015-08,M08,Financiero y seguros,10.2092,4.74,13.0,,,4.74,True,0.8649,,0.6306,0.4359,0.7166,S2,Crecimiento,Moderada
2015-09,M08,Financiero y seguros,9.367,5.35,13.0,,,5.35,True,0.8378,,0.4865,0.4359,0.6637,S2,Crecimiento,Moderada
2015-10,M08,Financiero y seguros,9.2196,5.89,13.0,,,5.89,True,0.8288,,0.4144,0.4359,0.6397,S2,Crecimiento,Moderada
2015-11,M08,Financiero y seguros,8.5235,6.39,13.0,,,6.39,True,0.7928,,0.3874,0.4359,0.6133,S2,Crecimiento,Moderada
2015-12,M08,Financiero y seguros,7.9561,6.77,13.0,,,6.77,True,0.7838,,0.3694,0.4359,0.6037,S2,Crecimiento,Moderada
2016-01,M08,Financiero y seguros,-1.5656,7.45,13.0,13.5631,,7.45,True,0.036,0.7374,0.2973,0.4359,0.3236,S4,Decrecimiento,Media
2016-02,M08,Financiero y seguros,2.2598,7.59,6.0,-0.8025,,7.59,True,0.2523,0.3434,0.2883,0.718,0.3521,S4,Decrecimiento,Media
2016-03,M08,Financiero y seguros,2.5095,7.98,6.0,19.1271,,7.98,True,0.2973,0.8687,0.2613,0.718,0.4961,S3,Estabilidad,Moderada
2016-04,M08,Financiero y seguros,1.8514,7.93,6.0,12.7253,,7.93,True,0.2072,0.7172,0.2703,0.718,0.4239,S3,Estabilidad,Moderada
2016-05,M08,Financiero y seguros,2.1241,8.2,6.9677,0.2099,,8.2,True,0.2432,0.3838,0.2342,0.6634,0.3396,S4,Decrecimiento,Media
2016-06,M08,Financiero y seguros,1.9883,8.6,7.0,-0.3916,,8.6,True,0.2252,0.3737,0.2072,0.6543,0.3231,S4,Decrecimiento,Media
2016-07,M08,Financiero y seguros,1.4611,8.97,7.0,-9.1988,,8.97,True,0.1532,0.1919,0.1982,0.6543,0.247,S4,Decrecimiento,Media
2016-08,M08,Financiero y seguros,1.6555,8.1,7.0,6.3938,,8.1,True,0.1802,0.5657,0.2432,0.6543,0.3603,S4,Decrecimiento,Media
2016-09,M08,Financiero y seguros,2.058,7.27,7.0,-3.8893,,7.27,True,0.2342,0.2929,0.3153,0.6543,0.3281,S4,Decrecimiento,Media
2016-10,M08,Financiero y seguros,2.3765,6.48,7.0,13.5334,,6.48,True,0.2703,0.7273,0.3784,0.6543,0.4638,S3,Estabilidad,Moderada
2016-11,M08,Financiero y seguros,2.5042,5.96,7.0,23.1841,,5.96,True,0.2883,0.9192,0.4054,0.6543,0.5243,S3,Estabilidad,Moderada
2016-12,M08,Financiero y seguros,2.9686,5.75,7.0,-13.95,,5.75,True,0.3333,0.0909,0.4324,0.6543,0.3407,S4,Decrecimiento,Media
2017-01,M08,Financiero y seguros,4.084,5.47,7.0,-10.0834,,5.47,True,0.4775,0.1717,0.4595,0.6543,0.424,S3,Estabilidad,Moderada
2017-02,M08,Financiero y seguros,2.2958,5.18,7.0,-16.5809,,5.18,True,0.2613,0.0505,0.5586,0.6543,0.327,S4,Decrecimiento,Media
2017-03,M08,Financiero y seguros,2.5813,4.69,7.0,-11.5111,,4.69,True,0.3063,0.1515,0.6396,0.6543,0.3865,S4,Decrecimiento,Media
2017-04,M08,Financiero y seguros,3.9238,4.66,7.0,1.1237,,4.66,True,0.4685,0.4242,0.6486,0.6543,0.5213,S3,Estabilidad,Moderada
2017-05,M08,Financiero y seguros,4.1483,4.37,7.0,-6.9063,,4.37,True,0.5135,0.2323,0.7027,0.6543,0.5022,S3,Estabilidad,Moderada
2017-06,M08,Financiero y seguros,5.0307,3.99,7.0,-0.7195,,3.99,True,0.6126,0.3636,0.7477,0.6543,0.5836,S3,Estabilidad,Moderada
2017-07,M08,Financiero y seguros,4.3647,3.4,7.0,14.8679,,3.4,True,0.5315,0.798,0.8559,0.6543,0.6814,S2,Crecimiento,Moderada
2017-08,M08,Financiero y seguros,4.5586,3.87,7.0,-16.9781,,3.87,True,0.5766,0.0404,0.7658,0.6543,0.492,S3,Estabilidad,Moderada
2017-09,M08,Financiero y seguros,4.7466,3.97,7.0,-6.4699,,3.97,True,0.5946,0.2424,0.7568,0.6543,0.5479,S3,Estabilidad,Moderada
2017-10,M08,Financiero y seguros,4.9194,4.05,6.871,-19.3397,,4.05,True,0.6036,0.0202,0.7387,0.6725,0.4951,S3,Estabilidad,Moderada
2017-11,M08,Financiero y seguros,5.1339,4.12,5.0,-4.4851,,4.12,True,0.6216,0.2727,0.7207,0.9727,0.6069,S2,Crecimiento,Moderada
2017-12,M08,Financiero y seguros,5.3882,4.09,5.0,1.4155,,4.09,True,0.6396,0.4343,0.7297,0.9727,0.6563,S2,Crecimiento,Moderada
2018-01,M08,Financiero y seguros,1.5519,3.68,5.0,-14.1494,,3.68,True,0.1622,0.0707,0.8378,0.9727,0.396,S4,Decrecimiento,Media
2018-02,M08,Financiero y seguros,3.5407,3.37,5.0,10.2704,,3.37,True,0.4234,0.697,0.8649,0.9727,0.6625,S2,Crecimiento,Moderada
2018-03,M08,Financiero y seguros,3.8119,3.14,5.0,4.2336,,3.14,True,0.4414,0.4949,0.964,0.9727,0.639,S2,Crecimiento,Moderada
2018-04,M08,Financiero y seguros,4.3964,3.13,5.0,-8.4909,,3.13,True,0.5495,0.2222,0.973,0.9727,0.6159,S2,Crecimiento,Moderada
2018-05,M08,Financiero y seguros,4.5126,3.16,5.0,14.1735,,3.16,True,0.5676,0.7677,0.9459,0.9727,0.7541,S2,Crecimiento,Moderada
2018-06,M08,Financiero y seguros,4.0928,3.2,5.0,-25.8888,,3.2,True,0.4865,0.0,0.9279,0.9727,0.5261,S3,Estabilidad,Moderada
2018-07,M08,Financiero y seguros,4.1571,3.12,5.0,-9.8132,,3.12,True,0.5225,0.1818,0.982,0.9727,0.5968,S3,Estabilidad,Moderada
2018-08,M08,Financiero y seguros,4.4067,3.1,5.0,4.6592,,3.1,True,0.5586,0.5051,0.991,0.9727,0.6938,S2,Crecimiento,Moderada
2018-09,M08,Financiero y seguros,4.1153,3.23,5.0,17.4993,,3.23,True,0.4955,0.8384,0.9099,0.9727,0.7357,S2,Crecimiento,Moderada
2018-10,M08,Financiero y seguros,3.8899,3.33,5.0,15.8193,,3.33,True,0.4595,0.8081,0.8739,0.9727,0.7065,S2,Crecimiento,Moderada
2018-11,M08,Financiero y seguros,3.8869,3.27,5.0,-20.0223,,3.27,True,0.4505,0.0101,0.8919,0.9727,0.507,S3,Estabilidad,Moderada
2018-12,M08,Financiero y seguros,3.7343,3.18,5.0,14.4845,,3.18,True,0.4324,0.7778,0.9369,0.9727,0.7007,S2,Crecimiento,Moderada
2019-01,M08,Financiero y seguros,3.2984,3.15,5.0,25.7163,,3.15,True,0.3694,0.9495,0.955,0.9727,0.722,S2,Crecimiento,Moderada
2019-02,M08,Financiero y seguros,5.3881,3.01,5.0,17.8316,,3.01,True,0.6306,0.8485,1.0,0.9727,0.8103,S1,Aceleración,Baja
2019-03,M08,Financiero y seguros,6.736,3.21,5.0,3.2724,,3.21,True,0.7658,0.4646,0.9189,0.9727,0.7522,S2,Crecimiento,Moderada
2019-04,M08,Financiero y seguros,5.958,3.25,5.0,22.6566,,3.25,True,0.6757,0.9091,0.9009,0.9727,0.8236,S1,Aceleración,Baja
2019-05,M08,Financiero y seguros,6.2797,3.31,5.0,-5.9655,,3.31,True,0.7027,0.2525,0.8829,0.9727,0.6667,S2,Crecimiento,Moderada
2019-06,M08,Financiero y seguros,5.8834,3.43,5.0,13.9021,,3.43,True,0.6486,0.7475,0.8468,0.9727,0.7616,S2,Crecimiento,Moderada
2019-07,M08,Financiero y seguros,6.5755,3.79,5.0,9.5469,,3.79,True,0.7297,0.6869,0.8198,0.9727,0.7735,S2,Crecimiento,Moderada
2019-08,M08,Financiero y seguros,6.402,3.75,5.0,-8.8298,,3.75,True,0.7207,0.202,0.8288,0.9727,0.6504,S2,Crecimiento,Moderada
2019-09,M08,Financiero y seguros,6.6612,3.82,5.0,1.5594,,3.82,True,0.7387,0.4444,0.8018,0.9727,0.7128,S2,Crecimiento,Moderada
2019-10,M08,Financiero y seguros,6.7067,3.86,5.0,2.8766,,3.86,True,0.7568,0.4545,0.7748,0.9727,0.7172,S2,Crecimiento,Moderada
2019-11,M08,Financiero y seguros,6.8068,3.84,5.0,6.7885,,3.84,True,0.7748,0.5758,0.7838,0.9727,0.7565,S2,Crecimiento,Moderada
2019-12,M08,Financiero y seguros,6.2678,3.8,5.0,-0.7765,,3.8,True,0.6937,0.3535,0.8108,0.9727,0.6739,S2,Crecimiento,Moderada
2020-01,M08,Financiero y seguros,9.9426,3.62,5.0,-6.5802,,3.62,True,0.8649,0.2424,0.8378,0.9727,0.72,S2,Crecimiento,Moderada
2020-02,M08,Financiero y seguros,7.1549,3.72,5.0,-8.1755,,3.72,True,0.7838,0.2323,0.8288,0.9727,0.6833,S2,Crecimiento,Moderada
2020-03,M08,Financiero y seguros,2.2975,3.86,5.0,-2.6482,,3.86,True,0.2703,0.3131,0.7748,0.9727,0.4873,S3,Estabilidad,Moderada
2020-04,M08,Financiero y seguros,1.9041,3.51,5.0,-19.4158,,3.51,True,0.2252,0.0202,0.8378,0.9727,0.4086,S3,Estabilidad,Moderada
2020-05,M08,Financiero y seguros,1.8341,2.85,5.0,-5.0662,,2.85,True,0.2072,0.2727,1.0,0.9727,0.497,S3,Estabilidad,Moderada
2020-06,M08,Financiero y seguros,1.7916,2.19,5.0,17.1154,,2.19,True,0.2072,0.8384,1.0,0.9727,0.6384,S2,Crecimiento,Moderada
2020-07,M08,Financiero y seguros,1.8361,1.97,5.0,-29.1535,,1.97,True,0.2072,0.0,1.0,0.9727,0.4288,S3,Estabilidad,Moderada
2020-08,M08,Financiero y seguros,1.9768,1.88,5.0,4.6406,,1.88,True,0.2252,0.5051,1.0,0.9727,0.5623,S3,Estabilidad,Moderada
2020-09,M08,Financiero y seguros,1.8513,1.97,2.0,-22.586,,1.97,True,0.2072,0.0101,1.0,1.0,0.4354,S3,Estabilidad,Moderada
2020-10,M08,Financiero y seguros,1.9526,1.75,2.0,-29.0578,,1.75,True,0.2252,0.0,1.0,1.0,0.4401,S3,Estabilidad,Moderada
2020-11,M08,Financiero y seguros,1.6922,1.49,2.0,-0.0081,,1.49,True,0.1892,0.3838,1.0,1.0,0.5216,S3,Estabilidad,Moderada
2020-12,M08,Financiero y seguros,2.2359,1.61,2.0,-10.4006,,1.61,True,0.2523,0.1717,1.0,1.0,0.4938,S3,Estabilidad,Moderada
2021-01,M08,Financiero y seguros,4.0142,1.6,2.0,31.9087,,1.6,True,0.4775,0.9899,1.0,1.0,0.7885,S2,Crecimiento,Moderada
2021-02,M08,Financiero y seguros,2.438,1.56,2.0,10.9031,,1.56,True,0.2793,0.7071,1.0,1.0,0.6385,S2,Crecimiento,Moderada
2021-03,M08,Financiero y seguros,4.8188,1.51,2.0,19.3055,,1.51,True,0.6036,0.8788,1.0,1.0,0.8111,S1,Aceleración,Baja
2021-04,M08,Financiero y seguros,5.0981,1.95,2.0,36.0919,,1.95,True,0.6216,0.9899,1.0,1.0,0.8461,S1,Aceleración,Baja
2021-05,M08,Financiero y seguros,3.9245,3.3,2.0,28.8796,,3.3,True,0.4775,0.9798,0.8829,1.0,0.7625,S2,Crecimiento,Moderada
2021-06,M08,Financiero y seguros,4.0684,3.63,2.0,17.9229,,3.63,True,0.4775,0.8586,0.8378,1.0,0.7232,S2,Crecimiento,Moderada
2021-07,M08,Financiero y seguros,3.6557,3.97,2.0,47.80459268032589,,3.97,True,0.4324,0.9899,0.7568,1.0,0.7218,S2,Crecimiento,Moderada
2021-08,M08,Financiero y seguros,2.6667,4.44,2.0,21.0014,,4.44,True,0.3153,0.899,0.6757,1.0,0.636,S2,Crecimiento,Moderada
2021-09,M08,Financiero y seguros,3.4361,4.51,2.0,47.80459268032589,,4.51,True,0.4054,0.9899,0.6667,1.0,0.693,S2,Crecimiento,Moderada
2021-10,M08,Financiero y seguros,3.45,4.58,2.0,47.80459268032589,,4.58,True,0.4054,0.9899,0.6577,1.0,0.6912,S2,Crecimiento,Moderada
2021-11,M08,Financiero y seguros,3.8123,5.26,2.0,16.6284,,5.26,True,0.4505,0.8283,0.5135,1.0,0.64,S2,Crecimiento,Moderada
2021-12,M08,Financiero y seguros,3.7,5.62,2.3871,47.80459268032589,,5.62,True,0.4324,0.9899,0.4324,1.0,0.6569,S2,Crecimiento,Moderada
2022-01,M08,Financiero y seguros,-29.6679,6.94,3.0323,13.9052,,6.94,True,0.0,0.7576,0.3514,1.0,0.4097,S3,Estabilidad,Moderada
2022-02,M08,Financiero y seguros,-10.4663,8.01,4.0,20.7445,,8.01,True,0.009,0.8889,0.2523,0.9909,0.4249,S3,Estabilidad,Moderada
2022-03,M08,Financiero y seguros,-3.0972,8.53,4.0,9.2686,,8.53,True,0.018,0.6667,0.2162,0.9909,0.3657,S4,Decrecimiento,Media
2022-04,M08,Financiero y seguros,-0.1161,9.23,5.0,6.8784,,9.23,True,0.0721,0.5859,0.1802,0.9727,0.3573,S4,Decrecimiento,Media
2022-05,M08,Financiero y seguros,2.7054,9.07,5.9677,22.3509,,9.07,True,0.3153,0.899,0.1892,0.7271,0.4978,S3,Estabilidad,Moderada
2022-06,M08,Financiero y seguros,4.1179,9.67,6.0,8.1893,,9.67,True,0.5045,0.6162,0.1622,0.718,0.496,S3,Estabilidad,Moderada
2022-07,M08,Financiero y seguros,4.5846,10.21,6.0,26.5844,,10.21,True,0.5856,0.9596,0.1441,0.718,0.6107,S2,Crecimiento,Moderada
2022-08,M08,Financiero y seguros,5.9483,10.84,9.0,15.9052,,10.84,True,0.6667,0.8182,0.1261,0.5087,0.5728,S3,Estabilidad,Moderada
2022-09,M08,Financiero y seguros,5.9044,11.44,9.0333,-1.4797,,11.44,True,0.6577,0.3232,0.0991,0.4996,0.4386,S3,Estabilidad,Moderada
2022-10,M08,Financiero y seguros,6.2597,12.22,10.0323,30.7443,,12.22,True,0.6847,0.9798,0.0721,0.4905,0.6068,S2,Crecimiento,Moderada
2022-11,M08,Financiero y seguros,6.3122,12.53,11.0,18.8284,,12.53,True,0.7117,0.8586,0.0541,0.4814,0.5824,S3,Estabilidad,Moderada
2022-12,M08,Financiero y seguros,6.6745,13.12,11.4194,7.6671,,13.12,True,0.7477,0.6061,0.036,0.4723,0.5286,S3,Estabilidad,Moderada
2023-01,M08,Financiero y seguros,64.4319,13.25,12.0,-15.2611,,13.25,True,0.991,0.0606,0.027,0.4632,0.4864,S3,Estabilidad,Moderada
2023-02,M08,Financiero y seguros,30.8757,13.28,12.0,-1.5472,,13.28,True,0.982,0.3131,0.018,0.4632,0.5442,S3,Estabilidad,Moderada
2023-03,M08,Financiero y seguros,23.9479,13.34,12.0323,0.3747,,13.34,True,0.973,0.3939,0.009,0.445,0.5562,S3,Estabilidad,Moderada
2023-04,M08,Financiero y seguros,18.9279,12.82,13.0,3.9856,,12.82,True,0.955,0.4747,0.045,0.4359,0.5751,S3,Estabilidad,Moderada
2023-05,M08,Financiero y seguros,15.6166,12.36,13.0,5.4334,,12.36,True,0.9459,0.5354,0.0631,0.4359,0.5902,S3,Estabilidad,Moderada
2023-06,M08,Financiero y seguros,13.6268,12.13,13.0,8.7336,,12.13,True,0.9369,0.6364,0.0811,0.4359,0.6155,S2,Crecimiento,Moderada
2023-07,M08,Financiero y seguros,12.3837,11.78,13.0,5.5676,,11.78,True,0.9189,0.5556,0.0901,0.4359,0.5899,S3,Estabilidad,Moderada
2023-08,M08,Financiero y seguros,11.4003,11.43,13.0,9.1269,,11.43,True,0.9099,0.6566,0.1081,0.4359,0.6151,S2,Crecimiento,Moderada
2023-09,M08,Financiero y seguros,9.7661,10.99,13.0,-13.8669,,10.99,True,0.8468,0.101,0.1171,0.4359,0.4528,S3,Estabilidad,Moderada
2023-10,M08,Financiero y seguros,9.1041,10.48,13.0,-11.8607,,10.48,True,0.8198,0.1313,0.1351,0.4359,0.4531,S3,Estabilidad,Moderada
2023-11,M08,Financiero y seguros,8.7085,10.15,13.0,23.9734,,10.15,True,0.8018,0.9293,0.1532,0.4359,0.6491,S2,Crecimiento,Moderada
2023-12,M08,Financiero y seguros,8.9369,9.28,13.0,0.7206,,9.28,True,0.8108,0.404,0.1712,0.4359,0.5249,S3,Estabilidad,Moderada
2024-01,M08,Financiero y seguros,1.8635,8.35,13.0,11.1518,,8.35,True,0.2162,0.7071,0.2252,0.4359,0.3737,S4,Decrecimiento,Media
2024-02,M08,Financiero y seguros,0.2799,7.74,13.0,16.7223,,7.74,True,0.0901,0.8283,0.2793,0.4359,0.3644,S4,Decrecimiento,Media
2024-03,M08,Financiero y seguros,-2.0218,7.36,13.0,9.3,,7.36,True,0.027,0.6768,0.3063,0.4359,0.3066,S4,Decrecimiento,Media
2024-04,M08,Financiero y seguros,-0.7568,7.16,13.0,19.4656,,7.16,True,0.0541,0.8788,0.3423,0.4359,0.3752,S4,Decrecimiento,Media
2024-05,M08,Financiero y seguros,-0.4359,7.16,13.0,-11.705,,7.16,True,0.0631,0.1414,0.3423,0.4359,0.1944,S5,Contracción,Alta
2024-06,M08,Financiero y seguros,0.0097,7.18,13.0,4.8732,,7.18,True,0.0811,0.5152,0.3243,0.4359,0.2915,S4,Decrecimiento,Media
2024-07,M08,Financiero y seguros,0.4417,6.86,13.0,-5.8047,,6.86,True,0.1171,0.2626,0.3604,0.4359,0.25,S4,Decrecimiento,Media
2024-08,M08,Financiero y seguros,0.8557,6.12,13.0,-13.6274,,6.12,True,0.1261,0.1111,0.3964,0.4359,0.2229,S4,Decrecimiento,Media
2024-09,M08,Financiero y seguros,1.5942,5.81,13.0,-13.1937,,5.81,True,0.1712,0.1212,0.4234,0.4359,0.2488,S4,Decrecimiento,Media
2024-10,M08,Financiero y seguros,1.694,5.41,13.0,-1.0418,,5.41,True,0.1892,0.3333,0.4685,0.4359,0.3181,S4,Decrecimiento,Media
2024-11,M08,Financiero y seguros,1.716,5.2,13.0,-14.0113,,5.2,True,0.1982,0.0808,0.5405,0.4359,0.273,S4,Decrecimiento,Media
2024-12,M08,Financiero y seguros,1.0736,5.2,13.0,4.1386,,5.2,True,0.1351,0.4848,0.5405,0.4359,0.3487,S4,Decrecimiento,Media
2025-01,M08,Financiero y seguros,1.1631,5.22,13.0,14.5403,,5.22,True,0.1441,0.7879,0.5225,0.4359,0.4245,S3,Estabilidad,Moderada
2025-02,M08,Financiero y seguros,2.4844,5.28,13.0,-4.4375,,5.28,True,0.2793,0.2828,0.5135,0.4359,0.3505,S4,Decrecimiento,Media
2025-03,M08,Financiero y seguros,3.4023,5.09,13.0,-18.2041,,5.09,True,0.3874,0.0303,0.5946,0.4359,0.3468,S4,Decrecimiento,Media
2025-04,M08,Financiero y seguros,3.1031,5.16,13.0,-11.416,,5.16,True,0.3423,0.1616,0.5676,0.4359,0.3562,S4,Decrecimiento,Media
2025-05,M08,Financiero y seguros,4.3763,5.05,13.0,4.9258,,5.05,True,0.5405,0.5253,0.6036,0.4359,0.5336,S3,Estabilidad,Moderada
2025-06,M08,Financiero y seguros,3.1194,4.82,13.0,-3.1785,,4.82,True,0.3514,0.303,0.6216,0.4359,0.406,S3,Estabilidad,Moderada
2025-07,M08,Financiero y seguros,3.5221,4.9,13.0,8.3325,,4.9,True,0.4144,0.6263,0.6126,0.4359,0.5102,S3,Estabilidad,Moderada
2025-08,M08,Financiero y seguros,3.2828,5.1,13.0,27.2075,,5.1,True,0.3604,0.9697,0.5856,0.4359,0.5691,S3,Estabilidad,Moderada
2025-09,M08,Financiero y seguros,3.4677,5.18,13.0,24.9461,,5.18,True,0.4054,0.9394,0.5586,0.4359,0.5741,S3,Estabilidad,Moderada
2025-10,M08,Financiero y seguros,3.4243,5.51,13.0,9.0866,,5.51,True,0.3964,0.6465,0.4505,0.4359,0.4757,S3,Estabilidad,Moderada
2025-11,M08,Financiero y seguros,3.3002,5.3,13.0,7.4971,,5.3,True,0.3784,0.596,0.4955,0.4359,0.4648,S3,Estabilidad,Moderada
2025-12,M08,Financiero y seguros,2.7636,5.1,13.0,-8.8189,,5.1,True,0.3243,0.2121,0.5856,0.4359,0.3653,S4,Decrecimiento,Media
2026-01,M08,Financiero y seguros,-0.9219,5.35,13.0,0.9316,,5.35,True,0.045,0.4141,0.4865,0.4359,0.2842,S4,Decrecimiento,Media
2026-02,M08,Financiero y seguros,0.3412,5.29,13.0,5.5402,,5.29,True,0.0991,0.5455,0.5045,0.4359,0.3423,S4,Decrecimiento,Media
2026-03,M08,Financiero y seguros,0.3412,5.56,13.0,47.80459268032589,,5.56,False,0.0991,0.9899,0.4414,0.4359,0.4408,S3,Estabilidad,Moderada
2015-01,M09,Inmobiliario,3.012,3.82,13.0,,,3.82,True,0.5045,,0.8018,0.4359,0.5701,S3,Estabilidad,Moderada
2015-02,M09,Inmobiliario,2.9996,4.36,13.0,,,4.36,True,0.4775,,0.7117,0.4359,0.5316,S3,Estabilidad,Moderada
2015-03,M09,Inmobiliario,2.9996,4.56,13.0,,,4.56,True,0.4775,,0.6667,0.4359,0.5196,S3,Estabilidad,Moderada
2015-04,M09,Inmobiliario,3.0142,4.64,13.0,,,4.64,True,0.5135,,0.6577,0.4359,0.5364,S3,Estabilidad,Moderada
2015-05,M09,Inmobiliario,3.0289,4.41,13.0,,,4.41,True,0.5315,,0.6937,0.4359,0.5556,S3,Estabilidad,Moderada
2015-06,M09,Inmobiliario,3.0383,4.42,13.0,,,4.42,True,0.5495,,0.6847,0.4359,0.5628,S3,Estabilidad,Moderada
2015-07,M09,Inmobiliario,3.0429,4.46,13.0,,,4.46,True,0.5676,,0.6757,0.4359,0.5701,S3,Estabilidad,Moderada
2015-08,M09,Inmobiliario,3.0501,4.74,13.0,,,4.74,True,0.5766,,0.6306,0.4359,0.5629,S3,Estabilidad,Moderada
2015-09,M09,Inmobiliario,3.0691,5.35,13.0,,,5.35,True,0.5946,,0.4865,0.4359,0.534,S3,Estabilidad,Moderada
2015-10,M09,Inmobiliario,3.1026,5.89,13.0,,,5.89,True,0.6126,,0.4144,0.4359,0.5244,S3,Estabilidad,Moderada
2015-11,M09,Inmobiliario,3.1496,6.39,13.0,,,6.39,True,0.6216,,0.3874,0.4359,0.522,S3,Estabilidad,Moderada
2015-12,M09,Inmobiliario,3.1937,6.77,13.0,,,6.77,True,0.6486,,0.3694,0.4359,0.5316,S3,Estabilidad,Moderada
2016-01,M09,Inmobiliario,3.414,7.45,13.0,15.8085,,7.45,True,0.7387,0.6061,0.2973,0.4359,0.5718,S3,Estabilidad,Moderada
2016-02,M09,Inmobiliario,3.4052,7.59,6.0,-8.8,,7.59,True,0.7297,0.1515,0.2883,0.718,0.4951,S3,Estabilidad,Moderada
2016-03,M09,Inmobiliario,3.4317,7.98,6.0,-8.2811,,7.98,True,0.7477,0.1818,0.2613,0.718,0.5045,S3,Estabilidad,Moderada
2016-04,M09,Inmobiliario,3.4966,7.93,6.0,19.6251,,7.93,True,0.7748,0.7071,0.2703,0.718,0.6485,S2,Crecimiento,Moderada
2016-05,M09,Inmobiliario,3.564,8.2,6.9677,-8.2544,,8.2,True,0.7928,0.1919,0.2342,0.6634,0.5114,S3,Estabilidad,Moderada
2016-06,M09,Inmobiliario,3.6147,8.6,7.0,-8.4345,,8.6,True,0.8288,0.1717,0.2072,0.6543,0.514,S3,Estabilidad,Moderada
2016-07,M09,Inmobiliario,3.6398,8.97,7.0,-4.9532,,8.97,True,0.8559,0.2222,0.1982,0.6543,0.5357,S3,Estabilidad,Moderada
2016-08,M09,Inmobiliario,3.6429,8.1,7.0,-3.5672,,8.1,True,0.8649,0.2525,0.2432,0.6543,0.5559,S3,Estabilidad,Moderada
2016-09,M09,Inmobiliario,3.6141,7.27,7.0,35.7902,,7.27,True,0.8198,0.8889,0.3153,0.6543,0.7114,S2,Crecimiento,Moderada
2016-10,M09,Inmobiliario,3.5951,6.48,7.0,18.614,,6.48,True,0.8108,0.697,0.3784,0.6543,0.6724,S2,Crecimiento,Moderada
2016-11,M09,Inmobiliario,3.5671,5.96,7.0,-17.6082,,5.96,True,0.8018,0.0606,0.4054,0.6543,0.5151,S3,Estabilidad,Moderada
2016-12,M09,Inmobiliario,3.5288,5.75,7.0,-11.4516,,5.75,True,0.7838,0.101,0.4324,0.6543,0.5234,S3,Estabilidad,Moderada
2017-01,M09,Inmobiliario,3.2483,5.47,7.0,21.424,,5.47,True,0.6757,0.7374,0.4595,0.6543,0.6447,S2,Crecimiento,Moderada
2017-02,M09,Inmobiliario,3.2711,5.18,7.0,30.046,,5.18,True,0.6937,0.8283,0.5586,0.6543,0.6944,S2,Crecimiento,Moderada
2017-03,M09,Inmobiliario,3.2507,4.69,7.0,8.5138,,4.69,True,0.6847,0.4848,0.6396,0.6543,0.6211,S2,Crecimiento,Moderada
2017-04,M09,Inmobiliario,3.1636,4.66,7.0,-1.7207,,4.66,True,0.6306,0.2828,0.6486,0.6543,0.5508,S3,Estabilidad,Moderada
2017-05,M09,Inmobiliario,3.0997,4.37,7.0,-13.0588,,4.37,True,0.6036,0.0808,0.7027,0.6543,0.5003,S3,Estabilidad,Moderada
2017-06,M09,Inmobiliario,3.0423,3.99,7.0,-1.4931,,3.99,True,0.5586,0.2929,0.7477,0.6543,0.5444,S3,Estabilidad,Moderada
2017-07,M09,Inmobiliario,2.9986,3.4,7.0,16.9812,,3.4,True,0.4685,0.6465,0.8559,0.6543,0.6183,S2,Crecimiento,Moderada
2017-08,M09,Inmobiliario,2.988,3.87,7.0,20.9769,,3.87,True,0.4595,0.7273,0.7658,0.6543,0.6169,S2,Crecimiento,Moderada
2017-09,M09,Inmobiliario,3.0006,3.97,7.0,-10.0763,,3.97,True,0.4955,0.1212,0.7568,0.6543,0.478,S3,Estabilidad,Moderada
2017-10,M09,Inmobiliario,3.0209,4.05,6.871,6.3789,,4.05,True,0.5225,0.4242,0.7387,0.6725,0.5637,S3,Estabilidad,Moderada
2017-11,M09,Inmobiliario,3.0328,4.12,5.0,17.016,,4.12,True,0.5405,0.6566,0.7207,0.9727,0.6704,S2,Crecimiento,Moderada
2017-12,M09,Inmobiliario,3.0516,4.09,5.0,-1.1791,,4.09,True,0.5856,0.303,0.7297,0.9727,0.6018,S2,Crecimiento,Moderada
2018-01,M09,Inmobiliario,3.1774,3.68,5.0,-23.0327,,3.68,True,0.6396,0.0202,0.8378,0.9727,0.5744,S3,Estabilidad,Moderada
2018-02,M09,Inmobiliario,3.2089,3.37,5.0,-14.5193,,3.37,True,0.6577,0.0707,0.8649,0.9727,0.5996,S3,Estabilidad,Moderada
2018-03,M09,Inmobiliario,3.2798,3.14,5.0,22.8201,,3.14,True,0.7027,0.7475,0.964,0.9727,0.8067,S1,Aceleración,Baja
2018-04,M09,Inmobiliario,3.392,3.13,5.0,3.0883,,3.13,True,0.7207,0.3737,0.973,0.9727,0.7222,S2,Crecimiento,Moderada
2018-05,M09,Inmobiliario,3.492,3.16,5.0,25.9011,,3.16,True,0.7658,0.7879,0.9459,0.9727,0.8384,S1,Aceleración,Baja
2018-06,M09,Inmobiliario,3.62,3.2,5.0,31.8271,,3.2,True,0.8378,0.8485,0.9279,0.9727,0.8787,S1,Aceleración,Baja
2018-07,M09,Inmobiliario,3.7251,3.12,5.0,4.349,,3.12,True,0.8739,0.3939,0.982,0.9727,0.7903,S2,Crecimiento,Moderada
2018-08,M09,Inmobiliario,3.8094,3.1,5.0,-5.7927,,3.1,True,0.8919,0.202,0.991,0.9727,0.7514,S2,Crecimiento,Moderada
2018-09,M09,Inmobiliario,3.8862,3.23,5.0,12.4655,,3.23,True,0.9009,0.5354,0.9099,0.9727,0.8221,S1,Aceleración,Baja
2018-10,M09,Inmobiliario,3.9244,3.33,5.0,0.0071,,3.33,True,0.9189,0.3333,0.8739,0.9727,0.7716,S2,Crecimiento,Moderada
2018-11,M09,Inmobiliario,3.9495,3.27,5.0,-1.1765,,3.27,True,0.9279,0.3131,0.8919,0.9727,0.7737,S2,Crecimiento,Moderada
2018-12,M09,Inmobiliario,3.9654,3.18,5.0,33.7925,,3.18,True,0.9369,0.8788,0.9369,0.9727,0.9277,S1,Aceleración,Baja
2019-01,M09,Inmobiliario,4.4164,3.15,5.0,7.5949,,3.15,True,0.991,0.4646,0.955,0.9727,0.8495,S1,Aceleración,Baja
2019-02,M09,Inmobiliario,4.3755,3.01,5.0,-4.2075,,3.01,True,0.982,0.2424,1.0,0.9727,0.7993,S2,Crecimiento,Moderada
2019-03,M09,Inmobiliario,4.3246,3.21,5.0,2.2866,,3.21,True,0.973,0.3636,0.9189,0.9727,0.8098,S1,Aceleración,Baja
2019-04,M09,Inmobiliario,4.2298,3.25,5.0,-20.551,,3.25,True,0.964,0.0404,0.9009,0.9727,0.7218,S2,Crecimiento,Moderada
2019-05,M09,Inmobiliario,4.1245,3.31,5.0,7.0126,,3.31,True,0.955,0.4343,0.8829,0.9727,0.8131,S1,Aceleración,Baja
2019-06,M09,Inmobiliario,4.0418,3.43,5.0,-24.6747,,3.43,True,0.9459,0.0101,0.8468,0.9727,0.6962,S2,Crecimiento,Moderada
2019-07,M09,Inmobiliario,3.9199,3.79,5.0,17.2045,,3.79,True,0.9099,0.6667,0.8198,0.9727,0.8405,S1,Aceleración,Baja
2019-08,M09,Inmobiliario,3.7698,3.75,5.0,-4.5734,,3.75,True,0.8829,0.2323,0.8288,0.9727,0.7229,S2,Crecimiento,Moderada
2019-09,M09,Inmobiliario,3.6217,3.82,5.0,5.7961,,3.82,True,0.8468,0.404,0.8018,0.9727,0.746,S2,Crecimiento,Moderada
2019-10,M09,Inmobiliario,3.4681,3.86,5.0,-5.3422,,3.86,True,0.7568,0.2121,0.7748,0.9727,0.6566,S2,Crecimiento,Moderada
2019-11,M09,Inmobiliario,3.3414,3.84,5.0,6.3028,,3.84,True,0.7117,0.4141,0.7838,0.9727,0.6909,S2,Crecimiento,Moderada
2019-12,M09,Inmobiliario,3.2473,3.8,5.0,-26.1624,,3.8,True,0.6667,0.0,0.8108,0.9727,0.5747,S3,Estabilidad,Moderada
2020-01,M09,Inmobiliario,2.197,3.62,5.0,7.0212,,3.62,True,0.3964,0.4444,0.8378,0.9727,0.5831,S3,Estabilidad,Moderada
2020-02,M09,Inmobiliario,2.0987,3.72,5.0,12.4144,,3.72,True,0.2883,0.5354,0.8288,0.9727,0.5608,S3,Estabilidad,Moderada
2020-03,M09,Inmobiliario,1.9379,3.86,5.0,-22.3394,,3.86,True,0.1351,0.0303,0.7748,0.9727,0.3625,S4,Decrecimiento,Media
2020-04,M09,Inmobiliario,1.6087,3.51,5.0,-27.8699,,3.51,True,0.0,0.0,0.8378,0.9727,0.3135,S4,Decrecimiento,Media
2020-05,M09,Inmobiliario,1.3958,2.85,5.0,-39.3878,,2.85,True,0.0,0.0,1.0,0.9727,0.3459,S4,Decrecimiento,Media
2020-06,M09,Inmobiliario,1.2915,2.19,5.0,-21.4487,,2.19,True,0.0,0.0404,1.0,0.9727,0.356,S4,Decrecimiento,Media
2020-07,M09,Inmobiliario,1.2401,1.97,5.0,-35.4359,,1.97,True,0.0,0.0,1.0,0.9727,0.3459,S4,Decrecimiento,Media
2020-08,M09,Inmobiliario,1.2634,1.88,5.0,-8.1218,,1.88,True,0.0,0.202,1.0,0.9727,0.3964,S4,Decrecimiento,Media
2020-09,M09,Inmobiliario,1.3085,1.97,2.0,-12.4511,,1.97,True,0.0,0.0909,1.0,1.0,0.3727,S4,Decrecimiento,Media
2020-10,M09,Inmobiliario,1.3755,1.75,2.0,-6.1509,,1.75,True,0.0,0.202,1.0,1.0,0.4005,S3,Estabilidad,Moderada
2020-11,M09,Inmobiliario,1.4206,1.49,2.0,-13.7549,,1.49,True,0.0,0.0808,1.0,1.0,0.3702,S4,Decrecimiento,Media
2020-12,M09,Inmobiliario,1.4431,1.61,2.0,0.3394,,1.61,True,0.0,0.3434,1.0,1.0,0.4359,S3,Estabilidad,Moderada
2021-01,M09,Inmobiliario,1.7911,1.6,2.0,-47.51281866488815,,1.6,True,0.0811,0.0,1.0,1.0,0.3824,S4,Decrecimiento,Media
2021-02,M09,Inmobiliario,1.7933,1.56,2.0,-39.9099,,1.56,True,0.0811,0.0,1.0,1.0,0.3824,S4,Decrecimiento,Media
2021-03,M09,Inmobiliario,1.9007,1.51,2.0,-30.2691,,1.51,True,0.1351,0.0,1.0,1.0,0.404,S3,Estabilidad,Moderada
2021-04,M09,Inmobiliario,2.2893,1.95,2.0,-7.3539,,1.95,True,0.4595,0.202,1.0,1.0,0.5843,S3,Estabilidad,Moderada
2021-05,M09,Inmobiliario,2.4942,3.3,2.0,24.9699,,3.3,True,0.4595,0.7879,0.8829,1.0,0.7074,S2,Crecimiento,Moderada
2021-06,M09,Inmobiliario,2.5341,3.63,2.0,-6.8286,,3.63,True,0.4595,0.202,0.8378,1.0,0.5519,S3,Estabilidad,Moderada
2021-07,M09,Inmobiliario,2.5741,3.97,2.0,2.79,,3.97,True,0.4595,0.3737,0.7568,1.0,0.5786,S3,Estabilidad,Moderada
2021-08,M09,Inmobiliario,2.5695,4.44,2.0,-22.056,,4.44,True,0.4595,0.0303,0.6757,1.0,0.4765,S3,Estabilidad,Moderada
2021-09,M09,Inmobiliario,2.5415,4.51,2.0,-36.9063,,4.51,True,0.4595,0.0,0.6667,1.0,0.4671,S3,Estabilidad,Moderada
2021-10,M09,Inmobiliario,2.5023,4.58,2.0,-42.1089,,4.58,True,0.4595,0.0,0.6577,1.0,0.4653,S3,Estabilidad,Moderada
2021-11,M09,Inmobiliario,2.4964,5.26,2.0,-14.5175,,5.26,True,0.4595,0.0808,0.5135,1.0,0.4567,S3,Estabilidad,Moderada
2021-12,M09,Inmobiliario,2.4964,5.62,2.3871,-23.0183,,5.62,True,0.4595,0.0303,0.4324,1.0,0.4279,S3,Estabilidad,Moderada
2022-01,M09,Inmobiliario,2.2047,6.94,3.0323,40.2891,,6.94,True,0.4054,0.9192,0.3514,1.0,0.6122,S2,Crecimiento,Moderada
2022-02,M09,Inmobiliario,2.2782,8.01,4.0,18.4628,,8.01,True,0.4414,0.6869,0.2523,0.9909,0.5474,S3,Estabilidad,Moderada
2022-03,M09,Inmobiliario,2.2838,8.53,4.0,16.455,,8.53,True,0.4505,0.6162,0.2162,0.9909,0.5261,S3,Estabilidad,Moderada
2022-04,M09,Inmobiliario,2.2237,9.23,5.0,54.4571,,9.23,True,0.4324,0.9697,0.1802,0.9727,0.5973,S3,Estabilidad,Moderada
2022-05,M09,Inmobiliario,2.173,9.07,5.9677,15.5099,,9.07,True,0.3694,0.5859,0.1892,0.7271,0.4411,S3,Estabilidad,Moderada
2022-06,M09,Inmobiliario,2.1441,9.67,6.0,4.1131,,9.67,True,0.3243,0.3838,0.1622,0.718,0.3658,S4,Decrecimiento,Media
2022-07,M09,Inmobiliario,2.1598,10.21,6.0,16.9016,,10.21,True,0.3423,0.6364,0.1441,0.718,0.4325,S3,Estabilidad,Moderada
2022-08,M09,Inmobiliario,2.138,10.84,9.0,28.7939,,10.84,True,0.3153,0.8081,0.1261,0.5087,0.4297,S3,Estabilidad,Moderada
2022-09,M09,Inmobiliario,2.1242,11.44,9.0333,50.5075,,11.44,True,0.3063,0.9596,0.0991,0.4996,0.4572,S3,Estabilidad,Moderada
2022-10,M09,Inmobiliario,2.1162,12.22,10.0323,41.1527,,12.22,True,0.2883,0.9293,0.0721,0.4905,0.4356,S3,Estabilidad,Moderada
2022-11,M09,Inmobiliario,2.073,12.53,11.0,23.2633,,12.53,True,0.2703,0.7576,0.0541,0.4814,0.3805,S4,Decrecimiento,Media
2022-12,M09,Inmobiliario,2.0447,13.12,11.4194,48.301,,13.12,True,0.2342,0.9495,0.036,0.4723,0.4091,S3,Estabilidad,Moderada
2023-01,M09,Inmobiliario,1.8202,13.25,12.0,33.6182,,13.25,True,0.0991,0.8687,0.027,0.4632,0.3317,S4,Decrecimiento,Media
2023-02,M09,Inmobiliario,1.8251,13.28,12.0,39.5201,,13.28,True,0.1081,0.9091,0.018,0.4632,0.3436,S4,Decrecimiento,Media
2023-03,M09,Inmobiliario,1.8135,13.34,12.0323,43.2972,,13.34,True,0.0901,0.9394,0.009,0.445,0.3394,S4,Decrecimiento,Media
2023-04,M09,Inmobiliario,1.7843,12.82,13.0,8.6856,,12.82,True,0.0631,0.4949,0.045,0.4359,0.2233,S4,Decrecimiento,Media
2023-05,M09,Inmobiliario,1.7848,12.36,13.0,8.1589,,12.36,True,0.0721,0.4747,0.0631,0.4359,0.2255,S4,Decrecimiento,Media
2023-06,M09,Inmobiliario,1.7768,12.13,13.0,32.7365,,12.13,True,0.0541,0.8586,0.0811,0.4359,0.3179,S4,Decrecimiento,Media
2023-07,M09,Inmobiliario,1.7575,11.78,13.0,24.0612,,11.78,True,0.018,0.7778,0.0901,0.4359,0.2851,S4,Decrecimiento,Media
2023-08,M09,Inmobiliario,1.7623,11.43,13.0,63.645,,11.43,True,0.036,0.9899,0.1081,0.4359,0.3489,S4,Decrecimiento,Media
2023-09,M09,Inmobiliario,1.775,10.99,13.0,17.647,,10.99,True,0.045,0.6768,0.1171,0.4359,0.276,S4,Decrecimiento,Media
2023-10,M09,Inmobiliario,1.7965,10.48,13.0,36.7873,,10.48,True,0.0811,0.899,0.1351,0.4359,0.3496,S4,Decrecimiento,Media
2023-11,M09,Inmobiliario,1.8285,10.15,13.0,9.3673,,10.15,True,0.1171,0.5152,0.1532,0.4359,0.2717,S4,Decrecimiento,Media
2023-12,M09,Inmobiliario,1.8505,9.28,13.0,-8.9672,,9.28,True,0.1261,0.1414,0.1712,0.4359,0.1854,S5,Contracción,Alta
2024-01,M09,Inmobiliario,2.0639,8.35,13.0,15.6469,,8.35,True,0.2432,0.596,0.2252,0.4359,0.3567,S4,Decrecimiento,Media
2024-02,M09,Inmobiliario,2.0714,7.74,13.0,29.547,,7.74,True,0.2523,0.8182,0.2793,0.4359,0.4267,S3,Estabilidad,Moderada
2024-03,M09,Inmobiliario,2.0911,7.36,13.0,8.7474,,7.36,True,0.2793,0.5051,0.3063,0.4359,0.3646,S4,Decrecimiento,Media
2024-04,M09,Inmobiliario,2.1195,7.16,13.0,-2.9692,,7.16,True,0.2973,0.2626,0.3423,0.4359,0.3184,S4,Decrecimiento,Media
2024-05,M09,Inmobiliario,2.1445,7.16,13.0,19.7043,,7.16,True,0.3333,0.7172,0.3423,0.4359,0.4465,S3,Estabilidad,Moderada
2024-06,M09,Inmobiliario,2.1651,7.18,13.0,28.6228,,7.18,True,0.3514,0.798,0.3243,0.4359,0.4703,S3,Estabilidad,Moderada
2024-07,M09,Inmobiliario,2.1677,6.86,13.0,15.2474,,6.86,True,0.3604,0.5758,0.3604,0.4359,0.4256,S3,Estabilidad,Moderada
2024-08,M09,Inmobiliario,2.178,6.12,13.0,-18.3309,,6.12,True,0.3784,0.0505,0.3964,0.4359,0.3087,S4,Decrecimiento,Media
2024-09,M09,Inmobiliario,2.1861,5.81,13.0,-9.9083,,5.81,True,0.3874,0.1313,0.4234,0.4359,0.3379,S4,Decrecimiento,Media
2024-10,M09,Inmobiliario,2.2002,5.41,13.0,-2.2204,,5.41,True,0.3964,0.2727,0.4685,0.4359,0.3858,S4,Decrecimiento,Media
2024-11,M09,Inmobiliario,2.21,5.2,13.0,7.1986,,5.2,True,0.4234,0.4444,0.5405,0.4359,0.4539,S3,Estabilidad,Moderada
2024-12,M09,Inmobiliario,2.2092,5.2,13.0,59.1989,,5.2,True,0.4144,0.9798,0.5405,0.4359,0.5842,S3,Estabilidad,Moderada
2025-01,M09,Inmobiliario,2.0726,5.22,13.0,30.6705,,5.22,True,0.2613,0.8384,0.5225,0.4359,0.484,S3,Estabilidad,Moderada
2025-02,M09,Inmobiliario,2.0277,5.28,13.0,-21.6373,,5.28,True,0.2252,0.0303,0.5135,0.4359,0.2657,S4,Decrecimiento,Media
2025-03,M09,Inmobiliario,1.9976,5.09,13.0,15.166,,5.09,True,0.1982,0.5657,0.5946,0.4359,0.405,S3,Estabilidad,Moderada
2025-04,M09,Inmobiliario,1.9703,5.16,13.0,23.3403,,5.16,True,0.1351,0.7677,0.5676,0.4359,0.4249,S3,Estabilidad,Moderada
2025-05,M09,Inmobiliario,1.9711,5.05,13.0,14.237,,5.05,True,0.1441,0.5556,0.6036,0.4359,0.3826,S4,Decrecimiento,Media
2025-06,M09,Inmobiliario,1.9815,4.82,13.0,-11.6874,,4.82,True,0.1622,0.0909,0.6216,0.4359,0.2773,S4,Decrecimiento,Media
2025-07,M09,Inmobiliario,1.993,4.9,13.0,-0.1099,,4.9,True,0.1892,0.3232,0.6126,0.4359,0.3444,S4,Decrecimiento,Media
2025-08,M09,Inmobiliario,2.0059,5.1,13.0,13.7911,,5.1,True,0.2072,0.5455,0.5856,0.4359,0.4018,S3,Estabilidad,Moderada
2025-09,M09,Inmobiliario,2.0079,5.18,13.0,10.5817,,5.18,True,0.2162,0.5253,0.5586,0.4359,0.3949,S4,Decrecimiento,Media
2025-10,M09,Inmobiliario,1.9923,5.51,13.0,0.5001,,5.51,True,0.1802,0.3434,0.4505,0.4359,0.3134,S4,Decrecimiento,Media
2025-11,M09,Inmobiliario,1.9812,5.3,13.0,16.7877,,5.3,True,0.1532,0.6263,0.4955,0.4359,0.3823,S4,Decrecimiento,Media
2025-12,M09,Inmobiliario,1.9834,5.1,13.0,-8.7221,,5.1,True,0.1712,0.1616,0.5856,0.4359,0.2914,S4,Decrecimiento,Media
2026-01,M09,Inmobiliario,1.7603,5.35,13.0,-10.5826,,5.35,True,0.027,0.1111,0.4865,0.4359,0.2013,S4,Decrecimiento,Media
2026-02,M09,Inmobiliario,1.7311,5.29,13.0,7.3981,,5.29,True,0.0,0.4545,0.5045,0.4359,0.2799,S4,Decrecimiento,Media
2026-03,M09,Inmobiliario,1.7311,5.56,13.0,1.3342,,5.56,False,0.0,0.3535,0.4414,0.4359,0.242,S4,Decrecimiento,Media
2015-01,M10,Servicios profesionales,3.7888,3.82,13.0,,,3.82,True,0.7748,,0.8018,0.4359,0.7142,S2,Crecimiento,Moderada
2015-02,M10,Servicios profesionales,2.8267,4.36,13.0,,,4.36,True,0.6306,,0.7117,0.4359,0.6133,S2,Crecimiento,Moderada
2015-03,M10,Servicios profesionales,2.2393,4.56,13.0,,,4.56,True,0.5946,,0.6667,0.4359,0.5821,S3,Estabilidad,Moderada
2015-04,M10,Servicios profesionales,1.7475,4.64,13.0,,,4.64,True,0.5315,,0.6577,0.4359,0.546,S3,Estabilidad,Moderada
2015-05,M10,Servicios profesionales,1.4078,4.41,13.0,,,4.41,True,0.5135,,0.6937,0.4359,0.546,S3,Estabilidad,Moderada
2015-06,M10,Servicios profesionales,1.1644,4.42,13.0,,,4.42,True,0.3423,,0.6847,0.4359,0.4523,S3,Estabilidad,Moderada
2015-07,M10,Servicios profesionales,1.2059,4.46,13.0,,,4.46,True,0.3784,,0.6757,0.4359,0.4692,S3,Estabilidad,Moderada
2015-08,M10,Servicios profesionales,1.1674,4.74,13.0,,,4.74,True,0.3514,,0.6306,0.4359,0.4428,S3,Estabilidad,Moderada
2015-09,M10,Servicios profesionales,1.0342,5.35,13.0,,,5.35,True,0.3153,,0.4865,0.4359,0.3851,S4,Decrecimiento,Media
2015-10,M10,Servicios profesionales,0.7484,5.89,13.0,,,5.89,True,0.2973,,0.4144,0.4359,0.3562,S4,Decrecimiento,Media
2015-11,M10,Servicios profesionales,0.3221,6.39,13.0,,,6.39,True,0.2252,,0.3874,0.4359,0.3106,S4,Decrecimiento,Media
2015-12,M10,Servicios profesionales,-0.1878,6.77,13.0,,,6.77,True,0.1802,,0.3694,0.4359,0.2818,S4,Decrecimiento,Media
2016-01,M10,Servicios profesionales,-2.6853,7.45,13.0,1.1142,,7.45,True,0.036,0.404,0.2973,0.4359,0.2402,S4,Decrecimiento,Media
2016-02,M10,Servicios profesionales,-2.4097,7.59,6.0,8.7858,,7.59,True,0.0991,0.8182,0.2883,0.718,0.4096,S3,Estabilidad,Moderada
2016-03,M10,Servicios profesionales,-2.6611,7.98,6.0,3.6104,,7.98,True,0.045,0.5657,0.2613,0.718,0.3194,S4,Decrecimiento,Media
2016-04,M10,Servicios profesionales,-2.4502,7.93,6.0,18.8492,,7.93,True,0.0721,0.9798,0.2703,0.718,0.4355,S3,Estabilidad,Moderada
2016-05,M10,Servicios profesionales,-2.4146,8.2,6.9677,7.088,,8.2,True,0.0901,0.7475,0.2342,0.6634,0.3693,S4,Decrecimiento,Media
2016-06,M10,Servicios profesionales,-2.4978,8.6,7.0,1.7559,,8.6,True,0.0631,0.4444,0.2072,0.6543,0.2759,S4,Decrecimiento,Media
2016-07,M10,Servicios profesionales,-2.8098,8.97,7.0,0.3483,,8.97,True,0.027,0.3434,0.1982,0.6543,0.2344,S4,Decrecimiento,Media
2016-08,M10,Servicios profesionales,-2.953,8.1,7.0,1.0155,,8.1,True,0.0,0.3939,0.2432,0.6543,0.2453,S4,Decrecimiento,Media
2016-09,M10,Servicios profesionales,-2.9407,7.27,7.0,13.1169,,7.27,True,0.009,0.9091,0.3153,0.6543,0.3921,S4,Decrecimiento,Media
2016-10,M10,Servicios profesionales,-2.8141,6.48,7.0,23.33346570337737,,6.48,True,0.018,0.9899,0.3784,0.6543,0.4285,S3,Estabilidad,Moderada
2016-11,M10,Servicios profesionales,-2.6237,5.96,7.0,-8.1512,,5.96,True,0.0541,0.0303,0.4054,0.6543,0.2084,S4,Decrecimiento,Media
2016-12,M10,Servicios profesionales,-2.4341,5.75,7.0,2.324,,5.75,True,0.0811,0.4949,0.4324,0.6543,0.3408,S4,Decrecimiento,Media
2017-01,M10,Servicios profesionales,0.2903,5.47,7.0,6.2946,,5.47,True,0.2162,0.697,0.4595,0.6543,0.4508,S3,Estabilidad,Moderada
2017-02,M10,Servicios profesionales,0.1976,5.18,7.0,5.563,,5.18,True,0.1982,0.6667,0.5586,0.6543,0.4558,S3,Estabilidad,Moderada
2017-03,M10,Servicios profesionales,0.5438,4.69,7.0,-2.7739,,4.69,True,0.2613,0.1919,0.6396,0.6543,0.3786,S4,Decrecimiento,Media
2017-04,M10,Servicios profesionales,0.5546,4.66,7.0,3.7774,,4.66,True,0.2703,0.6061,0.6486,0.6543,0.4875,S3,Estabilidad,Moderada
2017-05,M10,Servicios profesionales,0.7351,4.37,7.0,3.5691,,4.37,True,0.2883,0.5455,0.7027,0.6543,0.4904,S3,Estabilidad,Moderada
2017-06,M10,Servicios profesionales,1.031,3.99,7.0,-0.1572,,3.99,True,0.3063,0.3232,0.7477,0.6543,0.451,S3,Estabilidad,Moderada
2017-07,M10,Servicios profesionales,1.1597,3.4,7.0,8.9339,,3.4,True,0.3333,0.8384,0.8559,0.6543,0.6122,S2,Crecimiento,Moderada
2017-08,M10,Servicios profesionales,1.2827,3.87,7.0,17.0698,,3.87,True,0.4595,0.9495,0.7658,0.6543,0.6725,S2,Crecimiento,Moderada
2017-09,M10,Servicios profesionales,1.2749,3.97,7.0,4.2432,,3.97,True,0.4324,0.6162,0.7568,0.6543,0.5765,S3,Estabilidad,Moderada
2017-10,M10,Servicios profesionales,1.1911,4.05,6.871,-5.6187,,4.05,True,0.3694,0.101,0.7387,0.6725,0.4216,S3,Estabilidad,Moderada
2017-11,M10,Servicios profesionales,1.2136,4.12,5.0,11.5328,,4.12,True,0.3874,0.8687,0.7207,0.9727,0.6622,S2,Crecimiento,Moderada
2017-12,M10,Servicios profesionales,1.4555,4.09,5.0,8.2465,,4.09,True,0.5225,0.8081,0.7297,0.9727,0.7029,S2,Crecimiento,Moderada
2018-01,M10,Servicios profesionales,2.9015,3.68,5.0,5.9709,,3.68,True,0.6396,0.6869,0.8378,0.9727,0.741,S2,Crecimiento,Moderada
2018-02,M10,Servicios profesionales,2.9451,3.37,5.0,2.3786,,3.37,True,0.6486,0.5051,0.8649,0.9727,0.7046,S2,Crecimiento,Moderada
2018-03,M10,Servicios profesionales,3.4192,3.14,5.0,11.9092,,3.14,True,0.6667,0.8889,0.964,0.9727,0.8276,S1,Aceleración,Baja
2018-04,M10,Servicios profesionales,3.6677,3.13,5.0,-10.6917,,3.13,True,0.7117,0.0101,0.973,0.9727,0.6277,S2,Crecimiento,Moderada
2018-05,M10,Servicios profesionales,3.5861,3.16,5.0,-0.1814,,3.16,True,0.6937,0.3131,0.9459,0.9727,0.6908,S2,Crecimiento,Moderada
2018-06,M10,Servicios profesionales,3.7104,3.2,5.0,9.2421,,3.2,True,0.7297,0.8485,0.9279,0.9727,0.8355,S1,Aceleración,Baja
2018-07,M10,Servicios profesionales,3.5933,3.12,5.0,-1.3767,,3.12,True,0.7027,0.2424,0.982,0.9727,0.684,S2,Crecimiento,Moderada
2018-08,M10,Servicios profesionales,3.7248,3.1,5.0,-8.9169,,3.1,True,0.7477,0.0202,0.991,0.9727,0.6482,S2,Crecimiento,Moderada
2018-09,M10,Servicios profesionales,3.7742,3.23,5.0,1.565,,3.23,True,0.7658,0.4242,0.9099,0.9727,0.7403,S2,Crecimiento,Moderada
2018-10,M10,Servicios profesionales,3.9154,3.33,5.0,5.6167,,3.33,True,0.8108,0.6768,0.8739,0.9727,0.8142,S1,Aceleración,Baja
2018-11,M10,Servicios profesionales,4.069,3.27,5.0,-2.9633,,3.27,True,0.8559,0.1818,0.8919,0.9727,0.7121,S2,Crecimiento,Moderada
2018-12,M10,Servicios profesionales,3.9711,3.18,5.0,1.8611,,3.18,True,0.8288,0.4646,0.9369,0.9727,0.781,S2,Crecimiento,Moderada
2019-01,M10,Servicios profesionales,4.4296,3.15,5.0,-5.8591,,3.15,True,0.8649,0.0909,0.955,0.9727,0.7056,S2,Crecimiento,Moderada
2019-02,M10,Servicios profesionales,4.8835,3.01,5.0,-1.0459,,3.01,True,0.8739,0.2929,1.0,0.9727,0.7687,S2,Crecimiento,Moderada
2019-03,M10,Servicios profesionales,3.9207,3.21,5.0,-7.3492,,3.21,True,0.8198,0.0404,0.9189,0.9727,0.6677,S2,Crecimiento,Moderada
2019-04,M10,Servicios profesionales,3.6926,3.25,5.0,13.7988,,3.25,True,0.7207,0.9192,0.9009,0.9727,0.8442,S1,Aceleración,Baja
2019-05,M10,Servicios profesionales,3.9868,3.31,5.0,1.2059,,3.31,True,0.8378,0.4141,0.8829,0.9727,0.7611,S2,Crecimiento,Moderada
2019-06,M10,Servicios profesionales,3.8267,3.43,5.0,-4.1362,,3.43,True,0.7838,0.1313,0.8468,0.9727,0.6616,S2,Crecimiento,Moderada
2019-07,M10,Servicios profesionales,4.0009,3.79,5.0,0.9683,,3.79,True,0.8468,0.3838,0.8198,0.9727,0.7445,S2,Crecimiento,Moderada
2019-08,M10,Servicios profesionales,3.8442,3.75,5.0,2.2968,,3.75,True,0.8018,0.4848,0.8288,0.9727,0.7536,S2,Crecimiento,Moderada
2019-09,M10,Servicios profesionales,3.7588,3.82,5.0,7.6914,,3.82,True,0.7568,0.7677,0.8018,0.9727,0.8009,S1,Aceleración,Baja
2019-10,M10,Servicios profesionales,3.7134,3.86,5.0,0.8818,,3.86,True,0.7387,0.3636,0.7748,0.9727,0.6872,S2,Crecimiento,Moderada
2019-11,M10,Servicios profesionales,3.5819,3.84,5.0,2.5079,,3.84,True,0.6847,0.5152,0.7838,0.9727,0.7053,S2,Crecimiento,Moderada
2019-12,M10,Servicios profesionales,3.447,3.8,5.0,-0.084,,3.8,True,0.6757,0.3333,0.8108,0.9727,0.6617,S2,Crecimiento,Moderada
2020-01,M10,Servicios profesionales,3.5632,3.62,5.0,15.4879,,3.62,True,0.6847,0.9495,0.8378,0.9727,0.8247,S1,Aceleración,Baja
2020-02,M10,Servicios profesionales,2.9207,3.72,5.0,0.3736,,3.72,True,0.6486,0.3535,0.8288,0.9727,0.6595,S2,Crecimiento,Moderada
2020-03,M10,Servicios profesionales,1.3036,3.86,5.0,8.2227,,3.86,True,0.4865,0.798,0.7748,0.9727,0.695,S2,Crecimiento,Moderada
2020-04,M10,Servicios profesionales,-2.1249,3.51,5.0,-17.345388935700605,,3.51,True,0.1081,0.0,0.8378,0.9727,0.3567,S4,Decrecimiento,Media
2020-05,M10,Servicios profesionales,-4.4471,2.85,5.0,-9.9697,,2.85,True,0.0,0.0202,1.0,0.9727,0.351,S4,Decrecimiento,Media
2020-06,M10,Servicios profesionales,-5.6182,2.19,5.0,-10.5292,,2.19,True,0.0,0.0202,1.0,0.9727,0.351,S4,Decrecimiento,Media
2020-07,M10,Servicios profesionales,-6.1514,1.97,5.0,-12.7955,,1.97,True,0.0,0.0,1.0,0.9727,0.3459,S4,Decrecimiento,Media
2020-08,M10,Servicios profesionales,-6.5353,1.88,5.0,-17.345388935700605,,1.88,True,0.0,0.0,1.0,0.9727,0.3459,S4,Decrecimiento,Media
2020-09,M10,Servicios profesionales,-6.4079,1.97,2.0,-16.3027,,1.97,True,0.0,0.0,1.0,1.0,0.35,S4,Decrecimiento,Media
2020-10,M10,Servicios profesionales,-6.2416,1.75,2.0,-15.4667,,1.75,True,0.0,0.0,1.0,1.0,0.35,S4,Decrecimiento,Media
2020-11,M10,Servicios profesionales,-6.0398,1.49,2.0,-7.1683,,1.49,True,0.0,0.0505,1.0,1.0,0.3626,S4,Decrecimiento,Media
2020-12,M10,Servicios profesionales,-5.7903,1.61,2.0,-2.6376,,1.61,True,0.0,0.2121,1.0,1.0,0.403,S3,Estabilidad,Moderada
2021-01,M10,Servicios profesionales,-1.5774,1.6,2.0,6.1447,,1.6,True,0.1081,0.697,1.0,1.0,0.5675,S3,Estabilidad,Moderada
2021-02,M10,Servicios profesionales,-1.0974,1.56,2.0,23.33346570337737,,1.56,True,0.1081,0.9899,1.0,1.0,0.6407,S2,Crecimiento,Moderada
2021-03,M10,Servicios profesionales,1.1479,1.51,2.0,18.7537,,1.51,True,0.3333,0.9798,1.0,1.0,0.7283,S2,Crecimiento,Moderada
2021-04,M10,Servicios profesionales,4.2402,1.95,2.0,23.33346570337737,,1.95,True,0.8649,0.9899,1.0,1.0,0.9434,S1,Aceleración,Baja
2021-05,M10,Servicios profesionales,5.8109,3.3,2.0,23.33346570337737,,3.3,True,0.8919,0.9899,0.8829,1.0,0.9308,S1,Aceleración,Baja
2021-06,M10,Servicios profesionales,6.9385,3.63,2.0,23.33346570337737,,3.63,True,0.8919,0.9899,0.8378,1.0,0.9218,S1,Aceleración,Baja
2021-07,M10,Servicios profesionales,7.7237,3.97,2.0,23.33346570337737,,3.97,True,0.9009,0.9899,0.7568,1.0,0.9092,S1,Aceleración,Baja
2021-08,M10,Servicios profesionales,8.2592,4.44,2.0,23.33346570337737,,4.44,True,0.9369,0.9899,0.6757,1.0,0.9074,S1,Aceleración,Baja
2021-09,M10,Servicios profesionales,8.986,4.51,2.0,23.33346570337737,,4.51,True,0.9459,0.9899,0.6667,1.0,0.9092,S1,Aceleración,Baja
2021-10,M10,Servicios profesionales,9.0693,4.58,2.0,23.33346570337737,,4.58,True,0.955,0.9899,0.6577,1.0,0.911,S1,Aceleración,Baja
2021-11,M10,Servicios profesionales,9.4723,5.26,2.0,23.33346570337737,,5.26,True,0.964,0.9899,0.5135,1.0,0.8858,S1,Aceleración,Baja
2021-12,M10,Servicios profesionales,9.7335,5.62,2.3871,23.33346570337737,,5.62,True,0.964,0.9899,0.4324,1.0,0.8696,S1,Aceleración,Baja
2022-01,M10,Servicios profesionales,7.2394,6.94,3.0323,14.8807,,6.94,True,0.8919,0.9394,0.3514,1.0,0.8119,S1,Aceleración,Baja
2022-02,M10,Servicios profesionales,7.8584,8.01,4.0,4.6051,,8.01,True,0.9009,0.6263,0.2523,0.9909,0.716,S2,Crecimiento,Moderada
2022-03,M10,Servicios profesionales,8.1797,8.53,4.0,-1.2947,,8.53,True,0.9189,0.2525,0.2162,0.9909,0.6226,S2,Crecimiento,Moderada
2022-04,M10,Servicios profesionales,8.9253,9.23,5.0,8.0928,,9.23,True,0.9369,0.7879,0.1802,0.9727,0.7537,S2,Crecimiento,Moderada
2022-05,M10,Servicios profesionales,9.9255,9.07,5.9677,6.7357,,9.07,True,0.973,0.7374,0.1892,0.7271,0.7205,S2,Crecimiento,Moderada
2022-06,M10,Servicios profesionales,10.31,9.67,6.0,-5.0743,,9.67,True,0.991,0.1212,0.1622,0.718,0.5668,S3,Estabilidad,Moderada
2022-07,M10,Servicios profesionales,9.9441,10.21,6.0,11.6077,,10.21,True,0.982,0.8788,0.1441,0.718,0.749,S2,Crecimiento,Moderada
2022-08,M10,Servicios profesionales,9.8704,10.84,9.0,5.4299,,10.84,True,0.964,0.6566,0.1261,0.5087,0.6513,S2,Crecimiento,Moderada
2022-09,M10,Servicios profesionales,9.3099,11.44,9.0333,1.872,,11.44,True,0.955,0.4747,0.0991,0.4996,0.5954,S3,Estabilidad,Moderada
2022-10,M10,Servicios profesionales,8.9986,12.22,10.0323,-1.0843,,12.22,True,0.9459,0.2828,0.0721,0.4905,0.5371,S3,Estabilidad,Moderada
2022-11,M10,Servicios profesionales,8.2365,12.53,11.0,4.7831,,12.53,True,0.9279,0.6364,0.0541,0.4814,0.6133,S2,Crecimiento,Moderada
2022-12,M10,Servicios profesionales,7.8601,13.12,11.4194,-2.203,,13.12,True,0.9099,0.2323,0.036,0.4723,0.5001,S3,Estabilidad,Moderada
2023-01,M10,Servicios profesionales,4.9462,13.25,12.0,12.1829,,13.25,True,0.8829,0.899,0.027,0.4632,0.6528,S2,Crecimiento,Moderada
2023-02,M10,Servicios profesionales,3.8377,13.28,12.0,-1.2204,,13.28,True,0.7928,0.2626,0.018,0.4632,0.4559,S3,Estabilidad,Moderada
2023-03,M10,Servicios profesionales,3.3111,13.34,12.0323,17.2176,,13.34,True,0.6577,0.9697,0.009,0.445,0.5741,S3,Estabilidad,Moderada
2023-04,M10,Servicios profesionales,2.2505,12.82,13.0,0.9531,,12.82,True,0.6036,0.3737,0.045,0.4359,0.4093,S3,Estabilidad,Moderada
2023-05,M10,Servicios profesionales,1.7522,12.36,13.0,1.5772,,12.36,True,0.5405,0.4343,0.0631,0.4359,0.4028,S3,Estabilidad,Moderada
2023-06,M10,Servicios profesionales,2.2578,12.13,13.0,17.1156,,12.13,True,0.6126,0.9596,0.0811,0.4359,0.5665,S3,Estabilidad,Moderada
2023-07,M10,Servicios profesionales,2.3234,11.78,13.0,-3.2794,,11.78,True,0.6216,0.1414,0.0901,0.4359,0.3674,S4,Decrecimiento,Media
2023-08,M10,Servicios profesionales,2.2371,11.43,13.0,4.9244,,11.43,True,0.5856,0.6465,0.1081,0.4359,0.4829,S3,Estabilidad,Moderada
2023-09,M10,Servicios profesionales,1.9124,10.99,13.0,0.4039,,10.99,True,0.5495,0.3535,0.1171,0.4359,0.397,S4,Decrecimiento,Media
2023-10,M10,Servicios profesionales,1.9677,10.48,13.0,3.2908,,10.48,True,0.5676,0.5253,0.1351,0.4359,0.4508,S3,Estabilidad,Moderada
2023-11,M10,Servicios profesionales,2.1527,10.15,13.0,3.7455,,10.15,True,0.5766,0.5859,0.1532,0.4359,0.4731,S3,Estabilidad,Moderada
2023-12,M10,Servicios profesionales,1.9154,9.28,13.0,7.55,,9.28,True,0.5586,0.7576,0.1712,0.4359,0.5125,S3,Estabilidad,Moderada
2024-01,M10,Servicios profesionales,0.3467,8.35,13.0,-3.2216,,8.35,True,0.2342,0.1515,0.2252,0.4359,0.242,S4,Decrecimiento,Media
2024-02,M10,Servicios profesionales,0.1491,7.74,13.0,-6.5517,,7.74,True,0.1892,0.0505,0.2793,0.4359,0.2096,S4,Decrecimiento,Media
2024-03,M10,Servicios profesionales,-0.373,7.36,13.0,1.8344,,7.36,True,0.1712,0.4545,0.3063,0.4359,0.3088,S4,Decrecimiento,Media
2024-04,M10,Servicios profesionales,0.4519,7.16,13.0,3.6059,,7.16,True,0.2432,0.5556,0.3423,0.4359,0.37,S4,Decrecimiento,Media
2024-05,M10,Servicios profesionales,0.5223,7.16,13.0,-0.9419,,7.16,True,0.2523,0.303,0.3423,0.4359,0.3105,S4,Decrecimiento,Media
2024-06,M10,Servicios profesionales,-0.4008,7.18,13.0,-6.0237,,7.18,True,0.1441,0.0808,0.3243,0.4359,0.2081,S4,Decrecimiento,Media
2024-07,M10,Servicios profesionales,-0.4087,6.86,13.0,3.4235,,6.86,True,0.1351,0.5354,0.3604,0.4359,0.3254,S4,Decrecimiento,Media
2024-08,M10,Servicios profesionales,-0.399,6.12,13.0,-3.1212,,6.12,True,0.1532,0.1616,0.3964,0.4359,0.2463,S4,Decrecimiento,Media
2024-09,M10,Servicios profesionales,-0.3987,5.81,13.0,10.0507,,5.81,True,0.1622,0.8586,0.4234,0.4359,0.4296,S3,Estabilidad,Moderada
2024-10,M10,Servicios profesionales,-0.5102,5.41,13.0,-5.5042,,5.41,True,0.1171,0.1111,0.4685,0.4359,0.2337,S4,Decrecimiento,Media
2024-11,M10,Servicios profesionales,-0.5908,5.2,13.0,-2.5216,,5.2,True,0.1081,0.2222,0.5405,0.4359,0.2723,S4,Decrecimiento,Media
2024-12,M10,Servicios profesionales,-0.4191,5.2,13.0,-6.0847,,5.2,True,0.1261,0.0707,0.5405,0.4359,0.2416,S4,Decrecimiento,Media
2025-01,M10,Servicios profesionales,0.2032,5.22,13.0,-6.3557,,5.22,True,0.2072,0.0606,0.5225,0.4359,0.2679,S4,Decrecimiento,Media
2025-02,M10,Servicios profesionales,0.5831,5.28,13.0,6.5501,,5.28,True,0.2793,0.7273,0.5135,0.4359,0.4616,S3,Estabilidad,Moderada
2025-03,M10,Servicios profesionales,1.0917,5.09,13.0,-2.6445,,5.09,True,0.3243,0.202,0.5946,0.4359,0.3645,S4,Decrecimiento,Media
2025-04,M10,Servicios profesionales,1.17,5.16,13.0,-1.1385,,5.16,True,0.3604,0.2727,0.5676,0.4359,0.3912,S4,Decrecimiento,Media
2025-05,M10,Servicios profesionales,1.2606,5.05,13.0,7.8754,,5.05,True,0.4144,0.7778,0.6036,0.4359,0.5463,S3,Estabilidad,Moderada
2025-06,M10,Servicios profesionales,1.3275,4.82,13.0,6.5211,,4.82,True,0.4865,0.7172,0.6216,0.4359,0.5636,S3,Estabilidad,Moderada
2025-07,M10,Servicios profesionales,1.375,4.9,13.0,6.3034,,4.9,True,0.5045,0.7071,0.6126,0.4359,0.5665,S3,Estabilidad,Moderada
2025-08,M10,Servicios profesionales,1.2906,5.1,13.0,-2.9775,,5.1,True,0.4685,0.1717,0.5856,0.4359,0.4128,S3,Estabilidad,Moderada
2025-09,M10,Servicios profesionales,1.2794,5.18,13.0,-11.0096,,5.18,True,0.4505,0.0,0.5586,0.4359,0.3573,S4,Decrecimiento,Media
2025-10,M10,Servicios profesionales,1.2959,5.51,13.0,8.2368,,5.51,True,0.4775,0.798,0.4505,0.4359,0.546,S3,Estabilidad,Moderada
2025-11,M10,Servicios profesionales,1.2769,5.3,13.0,-2.607,,5.3,True,0.4414,0.2121,0.4955,0.4359,0.3941,S4,Decrecimiento,Media
2025-12,M10,Servicios profesionales,1.3416,5.1,13.0,3.7452,,5.1,True,0.4955,0.5758,0.5856,0.4359,0.5247,S3,Estabilidad,Moderada
2026-01,M10,Servicios profesionales,1.2623,5.35,13.0,8.9267,,5.35,True,0.4234,0.8283,0.4865,0.4359,0.5391,S3,Estabilidad,Moderada
2026-02,M10,Servicios profesionales,1.2444,5.29,13.0,14.2898,,5.29,True,0.3964,0.9293,0.5045,0.4359,0.5572,S3,Estabilidad,Moderada
2026-03,M10,Servicios profesionales,1.2444,5.56,13.0,3.7515,,5.56,False,0.3964,0.596,0.4414,0.4359,0.4612,S3,Estabilidad,Moderada
2015-01,M11,"Gobierno, educación y salud",5.1643,3.82,13.0,,,3.82,True,0.7568,,0.8018,0.4359,0.7046,S2,Crecimiento,Moderada
2015-02,M11,"Gobierno, educación y salud",5.8116,4.36,13.0,,,4.36,True,0.8468,,0.7117,0.4359,0.7286,S2,Crecimiento,Moderada
2015-03,M11,"Gobierno, educación y salud",6.1532,4.56,13.0,,,4.56,True,0.9009,,0.6667,0.4359,0.7454,S2,Crecimiento,Moderada
2015-04,M11,"Gobierno, educación y salud",6.0729,4.64,13.0,,,4.64,True,0.8739,,0.6577,0.4359,0.7286,S2,Crecimiento,Moderada
2015-05,M11,"Gobierno, educación y salud",6.4834,4.41,13.0,,,4.41,True,0.9189,,0.6937,0.4359,0.7622,S2,Crecimiento,Moderada
2015-06,M11,"Gobierno, educación y salud",6.529,4.42,13.0,,,4.42,True,0.9279,,0.6847,0.4359,0.7646,S2,Crecimiento,Moderada
2015-07,M11,"Gobierno, educación y salud",7.1198,4.46,13.0,,,4.46,True,0.955,,0.6757,0.4359,0.7767,S2,Crecimiento,Moderada
2015-08,M11,"Gobierno, educación y salud",7.4961,4.74,13.0,,,4.74,True,0.973,,0.6306,0.4359,0.7743,S2,Crecimiento,Moderada
2015-09,M11,"Gobierno, educación y salud",7.4347,5.35,13.0,,,5.35,True,0.964,,0.4865,0.4359,0.731,S2,Crecimiento,Moderada
2015-10,M11,"Gobierno, educación y salud",6.8572,5.89,13.0,,,5.89,True,0.9459,,0.4144,0.4359,0.7022,S2,Crecimiento,Moderada
2015-11,M11,"Gobierno, educación y salud",6.105,6.39,13.0,,,6.39,True,0.8919,,0.3874,0.4359,0.6662,S2,Crecimiento,Moderada
2015-12,M11,"Gobierno, educación y salud",5.3276,6.77,13.0,,,6.77,True,0.8198,,0.3694,0.4359,0.6229,S2,Crecimiento,Moderada
2016-01,M11,"Gobierno, educación y salud",0.968,7.45,13.0,10.1398,,7.45,True,0.045,0.9394,0.2973,0.4359,0.3777,S4,Decrecimiento,Media
2016-02,M11,"Gobierno, educación y salud",1.7324,7.59,6.0,8.2658,,7.59,True,0.0901,0.8586,0.2883,0.718,0.4161,S3,Estabilidad,Moderada
2016-03,M11,"Gobierno, educación y salud",2.3114,7.98,6.0,2.8565,,7.98,True,0.1081,0.4747,0.2613,0.718,0.3219,S4,Decrecimiento,Media
2016-04,M11,"Gobierno, educación y salud",3.0213,7.93,6.0,2.0251,,7.93,True,0.1892,0.4343,0.2703,0.718,0.346,S4,Decrecimiento,Media
2016-05,M11,"Gobierno, educación y salud",3.2253,8.2,6.9677,6.5178,,8.2,True,0.2162,0.7172,0.2342,0.6634,0.4121,S3,Estabilidad,Moderada
2016-06,M11,"Gobierno, educación y salud",3.313,8.6,7.0,1.5799,,8.6,True,0.2523,0.3939,0.2072,0.6543,0.339,S4,Decrecimiento,Media
2016-07,M11,"Gobierno, educación y salud",2.8827,8.97,7.0,3.2217,,8.97,True,0.1802,0.4848,0.1982,0.6543,0.3311,S4,Decrecimiento,Media
2016-08,M11,"Gobierno, educación y salud",2.3911,8.1,7.0,-0.0663,,8.1,True,0.1261,0.2626,0.2432,0.6543,0.2629,S4,Decrecimiento,Media
2016-09,M11,"Gobierno, educación y salud",2.4028,7.27,7.0,1.9869,,7.27,True,0.1351,0.4242,0.3153,0.6543,0.3213,S4,Decrecimiento,Media
2016-10,M11,"Gobierno, educación y salud",2.7542,6.48,7.0,-4.3807,,6.48,True,0.1712,0.101,0.3784,0.6543,0.2676,S4,Decrecimiento,Media
2016-11,M11,"Gobierno, educación y salud",3.214,5.96,7.0,8.5858,,5.96,True,0.2072,0.899,0.4054,0.6543,0.4869,S3,Estabilidad,Moderada
2016-12,M11,"Gobierno, educación y salud",3.6769,5.75,7.0,5.9507,,5.75,True,0.3423,0.6667,0.4324,0.6543,0.4882,S3,Estabilidad,Moderada
2017-01,M11,"Gobierno, educación y salud",6.0456,5.47,7.0,-4.0986,,5.47,True,0.8649,0.1111,0.4595,0.6543,0.5638,S3,Estabilidad,Moderada
2017-02,M11,"Gobierno, educación y salud",4.6526,5.18,7.0,-4.9469,,5.18,True,0.6306,0.0606,0.5586,0.6543,0.4773,S3,Estabilidad,Moderada
2017-03,M11,"Gobierno, educación y salud",3.8931,4.69,7.0,0.8077,,4.69,True,0.4324,0.3232,0.6396,0.6543,0.4798,S3,Estabilidad,Moderada
2017-04,M11,"Gobierno, educación y salud",3.2774,4.66,7.0,4.7518,,4.66,True,0.2342,0.6061,0.6486,0.6543,0.4731,S3,Estabilidad,Moderada
2017-05,M11,"Gobierno, educación y salud",3.1056,4.37,7.0,-3.8407,,4.37,True,0.1982,0.1212,0.7027,0.6543,0.3483,S4,Decrecimiento,Media
2017-06,M11,"Gobierno, educación y salud",3.476,3.99,7.0,3.702,,3.99,True,0.3063,0.5455,0.7477,0.6543,0.5066,S3,Estabilidad,Moderada
2017-07,M11,"Gobierno, educación y salud",3.3888,3.4,7.0,-5.5389,,3.4,True,0.2793,0.0404,0.8559,0.6543,0.3911,S4,Decrecimiento,Media
2017-08,M11,"Gobierno, educación y salud",3.5186,3.87,7.0,7.6842,,3.87,True,0.3243,0.8081,0.7658,0.6543,0.5831,S3,Estabilidad,Moderada
2017-09,M11,"Gobierno, educación y salud",3.3425,3.97,7.0,0.9986,,3.97,True,0.2613,0.3434,0.7568,0.6543,0.4399,S3,Estabilidad,Moderada
2017-10,M11,"Gobierno, educación y salud",3.3032,4.05,6.871,1.1999,,4.05,True,0.2432,0.3636,0.7387,0.6725,0.4368,S3,Estabilidad,Moderada
2017-11,M11,"Gobierno, educación y salud",3.3847,4.12,5.0,-4.8734,,4.12,True,0.2703,0.0707,0.7207,0.9727,0.4158,S3,Estabilidad,Moderada
2017-12,M11,"Gobierno, educación y salud",3.4631,4.09,5.0,-5.7848,,4.09,True,0.2973,0.0303,0.7297,0.9727,0.4183,S3,Estabilidad,Moderada
2018-01,M11,"Gobierno, educación y salud",3.265,3.68,5.0,-1.3181,,3.68,True,0.2252,0.2121,0.8378,0.9727,0.4566,S3,Estabilidad,Moderada
2018-02,M11,"Gobierno, educación y salud",4.0389,3.37,5.0,2.7775,,3.37,True,0.4685,0.4545,0.8649,0.9727,0.6199,S2,Crecimiento,Moderada
2018-03,M11,"Gobierno, educación y salud",4.4319,3.14,5.0,1.411,,3.14,True,0.5495,0.3737,0.964,0.9727,0.6519,S2,Crecimiento,Moderada
2018-04,M11,"Gobierno, educación y salud",4.6186,3.13,5.0,0.8515,,3.13,True,0.6036,0.3333,0.973,0.9727,0.6653,S2,Crecimiento,Moderada
2018-05,M11,"Gobierno, educación y salud",4.7033,3.16,5.0,3.6813,,3.16,True,0.6486,0.5253,0.9459,0.9727,0.7258,S2,Crecimiento,Moderada
2018-06,M11,"Gobierno, educación y salud",4.6408,3.2,5.0,7.4644,,3.2,True,0.6216,0.798,0.9279,0.9727,0.7796,S2,Crecimiento,Moderada
2018-07,M11,"Gobierno, educación y salud",4.5786,3.12,5.0,9.5861,,3.12,True,0.5946,0.9293,0.982,0.9727,0.8125,S1,Aceleración,Baja
2018-08,M11,"Gobierno, educación y salud",4.6375,3.1,5.0,-0.2134,,3.1,True,0.6126,0.2525,0.991,0.9727,0.6523,S2,Crecimiento,Moderada
2018-09,M11,"Gobierno, educación y salud",4.7714,3.23,5.0,-6.5523,,3.23,True,0.6667,0.0101,0.9099,0.9727,0.5971,S3,Estabilidad,Moderada
2018-10,M11,"Gobierno, educación y salud",4.8502,3.33,5.0,0.5863,,3.33,True,0.6937,0.2929,0.8739,0.9727,0.6714,S2,Crecimiento,Moderada
2018-11,M11,"Gobierno, educación y salud",4.8473,3.27,5.0,-0.0507,,3.27,True,0.6847,0.2727,0.8919,0.9727,0.6663,S2,Crecimiento,Moderada
2018-12,M11,"Gobierno, educación y salud",4.7362,3.18,5.0,8.2086,,3.18,True,0.6577,0.8384,0.9369,0.9727,0.806,S1,Aceleración,Baja
2019-01,M11,"Gobierno, educación y salud",5.6875,3.15,5.0,1.0121,,3.15,True,0.8378,0.3535,0.955,0.9727,0.7604,S2,Crecimiento,Moderada
2019-02,M11,"Gobierno, educación y salud",6.0895,3.01,5.0,5.8449,,3.01,True,0.8829,0.6566,1.0,0.9727,0.8632,S1,Aceleración,Baja
2019-03,M11,"Gobierno, educación y salud",5.1703,3.21,5.0,5.3075,,3.21,True,0.7748,0.6364,0.9189,0.9727,0.7987,S2,Crecimiento,Moderada
2019-04,M11,"Gobierno, educación y salud",5.1262,3.25,5.0,-1.9225,,3.25,True,0.7297,0.1717,0.9009,0.9727,0.6609,S2,Crecimiento,Moderada
2019-05,M11,"Gobierno, educación y salud",5.3001,3.31,5.0,5.0749,,3.31,True,0.8018,0.6162,0.8829,0.9727,0.7973,S2,Crecimiento,Moderada
2019-06,M11,"Gobierno, educación y salud",5.1342,3.43,5.0,-1.8234,,3.43,True,0.7387,0.1919,0.8468,0.9727,0.6587,S2,Crecimiento,Moderada
2019-07,M11,"Gobierno, educación y salud",5.3469,3.79,5.0,-0.4534,,3.79,True,0.8288,0.2323,0.8198,0.9727,0.6995,S2,Crecimiento,Moderada
2019-08,M11,"Gobierno, educación y salud",5.2901,3.75,5.0,-1.1888,,3.75,True,0.7928,0.2222,0.8288,0.9727,0.6843,S2,Crecimiento,Moderada
2019-09,M11,"Gobierno, educación y salud",5.3029,3.82,5.0,6.3576,,3.82,True,0.8108,0.697,0.8018,0.9727,0.8048,S1,Aceleración,Baja
2019-10,M11,"Gobierno, educación y salud",5.2033,3.86,5.0,2.2338,,3.86,True,0.7838,0.4444,0.7748,0.9727,0.7255,S2,Crecimiento,Moderada
2019-11,M11,"Gobierno, educación y salud",5.1699,3.84,5.0,4.196,,3.84,True,0.7658,0.5758,0.7838,0.9727,0.7529,S2,Crecimiento,Moderada
2019-12,M11,"Gobierno, educación y salud",5.0963,3.8,5.0,-4.7556,,3.8,True,0.7207,0.0808,0.8108,0.9727,0.6165,S2,Crecimiento,Moderada
2020-01,M11,"Gobierno, educación y salud",1.2523,3.62,5.0,1.261,,3.62,True,0.0631,0.3737,0.8378,0.9727,0.4321,S3,Estabilidad,Moderada
2020-02,M11,"Gobierno, educación y salud",0.76,3.72,5.0,-2.6725,,3.72,True,0.036,0.1515,0.8288,0.9727,0.3639,S4,Decrecimiento,Media
2020-03,M11,"Gobierno, educación y salud",1.5649,3.86,5.0,-8.6996,,3.86,True,0.0811,0.0,0.7748,0.9727,0.3333,S4,Decrecimiento,Media
2020-04,M11,"Gobierno, educación y salud",0.4801,3.51,5.0,-11.919984815020408,,3.51,True,0.036,0.0,0.8378,0.9727,0.3279,S4,Decrecimiento,Media
2020-05,M11,"Gobierno, educación y salud",-0.3682,2.85,5.0,-11.919984815020408,,2.85,True,0.0,0.0,1.0,0.9727,0.3459,S4,Decrecimiento,Media
2020-06,M11,"Gobierno, educación y salud",-0.6295,2.19,5.0,-11.919984815020408,,2.19,True,0.0,0.0,1.0,0.9727,0.3459,S4,Decrecimiento,Media
2020-07,M11,"Gobierno, educación y salud",-0.8279,1.97,5.0,-11.919984815020408,,1.97,True,0.0,0.0,1.0,0.9727,0.3459,S4,Decrecimiento,Media
2020-08,M11,"Gobierno, educación y salud",-0.9223,1.88,5.0,-10.8776,,1.88,True,0.0,0.0,1.0,0.9727,0.3459,S4,Decrecimiento,Media
2020-09,M11,"Gobierno, educación y salud",-0.9133,1.97,2.0,-11.919984815020408,,1.97,True,0.0,0.0,1.0,1.0,0.35,S4,Decrecimiento,Media
2020-10,M11,"Gobierno, educación y salud",-0.6284,1.75,2.0,-8.7457,,1.75,True,0.0,0.0,1.0,1.0,0.35,S4,Decrecimiento,Media
2020-11,M11,"Gobierno, educación y salud",-0.1608,1.49,2.0,-3.1388,,1.49,True,0.009,0.1414,1.0,1.0,0.389,S4,Decrecimiento,Media
2020-12,M11,"Gobierno, educación y salud",0.3091,1.61,2.0,-3.3654,,1.61,True,0.036,0.1414,1.0,1.0,0.3997,S4,Decrecimiento,Media
2021-01,M11,"Gobierno, educación y salud",8.2535,1.6,2.0,12.5511,,1.6,True,0.982,0.9798,1.0,1.0,0.9878,S1,Aceleración,Baja
2021-02,M11,"Gobierno, educación y salud",7.5341,1.56,2.0,11.5648,,1.56,True,0.982,0.9697,1.0,1.0,0.9852,S1,Aceleración,Baja
2021-03,M11,"Gobierno, educación y salud",7.1756,1.51,2.0,0.7051,,1.51,True,0.964,0.3131,1.0,1.0,0.8139,S1,Aceleración,Baja
2021-04,M11,"Gobierno, educación y salud",8.3066,1.95,2.0,17.737784815020408,,1.95,True,0.982,1.0,1.0,1.0,0.9928,S1,Aceleración,Baja
2021-05,M11,"Gobierno, educación y salud",8.4055,3.3,2.0,17.737784815020408,,3.3,True,0.982,1.0,0.8829,1.0,0.9694,S1,Aceleración,Baja
2021-06,M11,"Gobierno, educación y salud",8.4888,3.63,2.0,14.0813,,3.63,True,0.991,1.0,0.8378,1.0,0.964,S1,Aceleración,Baja
2021-07,M11,"Gobierno, educación y salud",8.3779,3.97,2.0,17.737784815020408,,3.97,True,0.982,1.0,0.7568,1.0,0.9442,S1,Aceleración,Baja
2021-08,M11,"Gobierno, educación y salud",8.307,4.44,2.0,6.9919,,4.44,True,0.982,0.7778,0.6757,1.0,0.8724,S1,Aceleración,Baja
2021-09,M11,"Gobierno, educación y salud",9.1395,4.51,2.0,14.7716,,4.51,True,1.0,1.0,0.6667,1.0,0.9333,S1,Aceleración,Baja
2021-10,M11,"Gobierno, educación y salud",8.9044,4.58,2.0,8.3648,,4.58,True,1.0,0.8788,0.6577,1.0,0.9012,S1,Aceleración,Baja
2021-11,M11,"Gobierno, educación y salud",8.7303,5.26,2.0,8.5001,,5.26,True,1.0,0.8889,0.5135,1.0,0.8749,S1,Aceleración,Baja
2021-12,M11,"Gobierno, educación y salud",8.4615,5.62,2.3871,10.2289,,5.62,True,0.991,0.9495,0.4324,1.0,0.8703,S1,Aceleración,Baja
2022-01,M11,"Gobierno, educación y salud",2.7165,6.94,3.0323,2.85,,6.94,True,0.1622,0.4646,0.3514,1.0,0.4013,S3,Estabilidad,Moderada
2022-02,M11,"Gobierno, educación y salud",3.7191,8.01,4.0,-3.0392,,8.01,True,0.3604,0.1414,0.2523,0.9909,0.3786,S4,Decrecimiento,Media
2022-03,M11,"Gobierno, educación y salud",3.523,8.53,4.0,12.648,,8.53,True,0.3333,0.9798,0.2162,0.9909,0.5701,S3,Estabilidad,Moderada
2022-04,M11,"Gobierno, educación y salud",4.6733,9.23,5.0,3.3115,,9.23,True,0.6396,0.4949,0.1802,0.9727,0.5615,S3,Estabilidad,Moderada
2022-05,M11,"Gobierno, educación y salud",4.8226,9.07,5.9677,7.9649,,9.07,True,0.6757,0.8283,0.1892,0.7271,0.6243,S2,Crecimiento,Moderada
2022-06,M11,"Gobierno, educación y salud",4.3294,9.67,6.0,7.0187,,9.67,True,0.5135,0.7778,0.1622,0.718,0.54,S3,Estabilidad,Moderada
2022-07,M11,"Gobierno, educación y salud",3.7396,10.21,6.0,11.2463,,10.21,True,0.3784,0.9596,0.1441,0.718,0.5278,S3,Estabilidad,Moderada
2022-08,M11,"Gobierno, educación y salud",3.4582,10.84,9.0,12.1485,,10.84,True,0.2883,0.9697,0.1261,0.5087,0.4593,S3,Estabilidad,Moderada
2022-09,M11,"Gobierno, educación y salud",2.348,11.44,9.0333,3.9219,,11.44,True,0.1171,0.5556,0.0991,0.4996,0.2805,S4,Decrecimiento,Media
2022-10,M11,"Gobierno, educación y salud",1.9882,12.22,10.0323,6.4366,,12.22,True,0.0991,0.7071,0.0721,0.4905,0.3044,S4,Decrecimiento,Media
2022-11,M11,"Gobierno, educación y salud",1.4286,12.53,11.0,3.6682,,12.53,True,0.0631,0.5152,0.0541,0.4814,0.2371,S4,Decrecimiento,Media
2022-12,M11,"Gobierno, educación y salud",1.1217,13.12,11.4194,8.4508,,13.12,True,0.0541,0.8788,0.036,0.4723,0.3194,S4,Decrecimiento,Media
2023-01,M11,"Gobierno, educación y salud",0.1001,13.25,12.0,-8.6944,,13.25,True,0.018,0.0,0.027,0.4632,0.0821,S5,Contracción,Alta
2023-02,M11,"Gobierno, educación y salud",0.0385,13.28,12.0,-0.3839,,13.28,True,0.009,0.2424,0.018,0.4632,0.1373,S5,Contracción,Alta
2023-03,M11,"Gobierno, educación y salud",0.7687,13.34,12.0323,6.8594,,13.34,True,0.036,0.7677,0.009,0.445,0.2749,S4,Decrecimiento,Media
2023-04,M11,"Gobierno, educación y salud",-0.2807,12.82,13.0,4.3965,,12.82,True,0.0,0.596,0.045,0.4359,0.2234,S4,Decrecimiento,Media
2023-05,M11,"Gobierno, educación y salud",0.2344,12.36,13.0,-4.7043,,12.36,True,0.027,0.0909,0.0631,0.4359,0.1115,S5,Contracción,Alta
2023-06,M11,"Gobierno, educación y salud",2.6655,12.13,13.0,10.4266,,12.13,True,0.1532,0.9495,0.0811,0.4359,0.3803,S4,Decrecimiento,Media
2023-07,M11,"Gobierno, educación y salud",3.5182,11.78,13.0,0.76,,11.78,True,0.3153,0.3131,0.0901,0.4359,0.2878,S4,Decrecimiento,Media
2023-08,M11,"Gobierno, educación y salud",4.0146,11.43,13.0,6.6587,,11.43,True,0.4595,0.7273,0.1081,0.4359,0.4526,S3,Estabilidad,Moderada
2023-09,M11,"Gobierno, educación y salud",4.1791,10.99,13.0,9.0263,,10.99,True,0.5045,0.9192,0.1171,0.4359,0.5204,S3,Estabilidad,Moderada
2023-10,M11,"Gobierno, educación y salud",4.3772,10.48,13.0,7.2264,,10.48,True,0.5225,0.7879,0.1351,0.4359,0.4984,S3,Estabilidad,Moderada
2023-11,M11,"Gobierno, educación y salud",4.9481,10.15,13.0,0.3445,,10.15,True,0.7117,0.2828,0.1532,0.4359,0.4514,S3,Estabilidad,Moderada
2023-12,M11,"Gobierno, educación y salud",4.9338,9.28,13.0,0.6593,,9.28,True,0.7027,0.303,0.1712,0.4359,0.4565,S3,Estabilidad,Moderada
2024-01,M11,"Gobierno, educación y salud",6.6834,8.35,13.0,7.7581,,8.35,True,0.9369,0.8182,0.2252,0.4359,0.6897,S2,Crecimiento,Moderada
2024-02,M11,"Gobierno, educación y salud",6.209,7.74,13.0,3.3871,,7.74,True,0.9099,0.5051,0.2793,0.4359,0.6115,S2,Crecimiento,Moderada
2024-03,M11,"Gobierno, educación y salud",6.0454,7.36,13.0,-2.6628,,7.36,True,0.8559,0.1515,0.3063,0.4359,0.5069,S3,Estabilidad,Moderada
2024-04,M11,"Gobierno, educación y salud",8.5739,7.16,13.0,1.7409,,7.16,True,0.991,0.404,0.3423,0.4359,0.6312,S2,Crecimiento,Moderada
2024-05,M11,"Gobierno, educación y salud",8.4198,7.16,13.0,3.689,,7.16,True,0.982,0.5354,0.3423,0.4359,0.6605,S2,Crecimiento,Moderada
2024-06,M11,"Gobierno, educación y salud",5.1628,7.18,13.0,-6.0356,,7.18,True,0.7477,0.0202,0.3243,0.4359,0.4344,S3,Estabilidad,Moderada
2024-07,M11,"Gobierno, educación y salud",4.4424,6.86,13.0,6.0357,,6.86,True,0.5676,0.6768,0.3604,0.4359,0.5337,S3,Estabilidad,Moderada
2024-08,M11,"Gobierno, educación y salud",3.9752,6.12,13.0,-2.4893,,6.12,True,0.4505,0.1616,0.3964,0.4359,0.3653,S4,Decrecimiento,Media
2024-09,M11,"Gobierno, educación y salud",3.8742,5.81,13.0,-1.5837,,5.81,True,0.4234,0.202,0.4234,0.4359,0.3699,S4,Decrecimiento,Media
2024-10,M11,"Gobierno, educación y salud",4.0441,5.41,13.0,-3.7496,,5.41,True,0.4775,0.1313,0.4685,0.4359,0.3829,S4,Decrecimiento,Media
2024-11,M11,"Gobierno, educación y salud",3.7928,5.2,13.0,6.7346,,5.2,True,0.3874,0.7576,0.5405,0.4359,0.5178,S3,Estabilidad,Moderada
2024-12,M11,"Gobierno, educación y salud",4.0636,5.2,13.0,3.9725,,5.2,True,0.4865,0.5657,0.5405,0.4359,0.5095,S3,Estabilidad,Moderada
2025-01,M11,"Gobierno, educación y salud",3.6977,5.22,13.0,5.7585,,5.22,True,0.3514,0.6465,0.5225,0.4359,0.4721,S3,Estabilidad,Moderada
2025-02,M11,"Gobierno, educación y salud",3.7191,5.28,13.0,8.2859,,5.28,True,0.3604,0.8687,0.5135,0.4359,0.5294,S3,Estabilidad,Moderada
2025-03,M11,"Gobierno, educación y salud",3.8077,5.09,13.0,-5.4271,,5.09,True,0.3964,0.0505,0.5946,0.4359,0.3555,S4,Decrecimiento,Media
2025-04,M11,"Gobierno, educación y salud",1.5547,5.16,13.0,8.2656,,5.16,True,0.0721,0.8485,0.5676,0.4359,0.4199,S3,Estabilidad,Moderada
2025-05,M11,"Gobierno, educación y salud",1.6045,5.05,13.0,1.824,,5.05,True,0.0811,0.4141,0.6036,0.4359,0.3221,S4,Decrecimiento,Media
2025-06,M11,"Gobierno, educación y salud",2.609,4.82,13.0,9.0069,,4.82,True,0.1441,0.9091,0.6216,0.4359,0.4746,S3,Estabilidad,Moderada
2025-07,M11,"Gobierno, educación y salud",3.9749,4.9,13.0,-1.8555,,4.9,True,0.4414,0.1818,0.6126,0.4359,0.4099,S3,Estabilidad,Moderada
2025-08,M11,"Gobierno, educación y salud",4.1727,5.1,13.0,5.1129,,5.1,True,0.4955,0.6263,0.5856,0.4359,0.5373,S3,Estabilidad,Moderada
2025-09,M11,"Gobierno, educación y salud",4.3773,5.18,13.0,6.6852,,5.18,True,0.5315,0.7374,0.5586,0.4359,0.5741,S3,Estabilidad,Moderada
2025-10,M11,"Gobierno, educación y salud",4.3873,5.51,13.0,6.3069,,5.51,True,0.5405,0.6869,0.4505,0.4359,0.5434,S3,Estabilidad,Moderada
2025-11,M11,"Gobierno, educación y salud",4.454,5.3,13.0,1.4402,,5.3,True,0.5766,0.3838,0.4955,0.4359,0.4911,S3,Estabilidad,Moderada
2025-12,M11,"Gobierno, educación y salud",4.4889,5.1,13.0,4.3584,,5.1,True,0.5856,0.5859,0.5856,0.4359,0.5632,S3,Estabilidad,Moderada
2026-01,M11,"Gobierno, educación y salud",4.4337,5.35,13.0,6.7181,,5.35,True,0.5586,0.7475,0.4865,0.4359,0.573,S3,Estabilidad,Moderada
2026-02,M11,"Gobierno, educación y salud",3.872,5.29,13.0,8.5603,,5.29,True,0.4054,0.8889,0.5045,0.4359,0.5507,S3,Estabilidad,Moderada
2026-03,M11,"Gobierno, educación y salud",3.872,5.56,13.0,13.8834,,5.56,False,0.4054,0.9899,0.4414,0.4359,0.5633,S3,Estabilidad,Moderada
2015-01,M12,Arte y recreación,1.1894,3.82,13.0,,,3.82,True,0.0811,,0.8018,0.4359,0.3442,S4,Decrecimiento,Media
2015-02,M12,Arte y recreación,2.1195,4.36,13.0,,,4.36,True,0.1441,,0.7117,0.4359,0.3538,S4,Decrecimiento,Media
2015-03,M12,Arte y recreación,2.3466,4.56,13.0,,,4.56,True,0.1712,,0.6667,0.4359,0.3563,S4,Decrecimiento,Media
2015-04,M12,Arte y recreación,2.9464,4.64,13.0,,,4.64,True,0.2162,,0.6577,0.4359,0.3779,S4,Decrecimiento,Media
2015-05,M12,Arte y recreación,3.3808,4.41,13.0,,,4.41,True,0.2342,,0.6937,0.4359,0.3971,S4,Decrecimiento,Media
2015-06,M12,Arte y recreación,3.5818,4.42,13.0,,,4.42,True,0.2523,,0.6847,0.4359,0.4043,S3,Estabilidad,Moderada
2015-07,M12,Arte y recreación,3.8181,4.46,13.0,,,4.46,True,0.2613,,0.6757,0.4359,0.4067,S3,Estabilidad,Moderada
2015-08,M12,Arte y recreación,3.9166,4.74,13.0,,,4.74,True,0.2883,,0.6306,0.4359,0.4091,S3,Estabilidad,Moderada
2015-09,M12,Arte y recreación,3.8238,5.35,13.0,,,5.35,True,0.2703,,0.4865,0.4359,0.3611,S4,Decrecimiento,Media
2015-10,M12,Arte y recreación,3.8514,5.89,13.0,,,5.89,True,0.2793,,0.4144,0.4359,0.3466,S4,Decrecimiento,Media
2015-11,M12,Arte y recreación,3.9361,6.39,13.0,,,6.39,True,0.2973,,0.3874,0.4359,0.349,S4,Decrecimiento,Media
2015-12,M12,Arte y recreación,4.2394,6.77,13.0,,,6.77,True,0.3153,,0.3694,0.4359,0.3538,S4,Decrecimiento,Media
2016-01,M12,Arte y recreación,5.8184,7.45,13.0,-0.688,,7.45,True,0.3514,0.303,0.2973,0.4359,0.3412,S4,Decrecimiento,Media
2016-02,M12,Arte y recreación,6.4289,7.59,6.0,1.7306,,7.59,True,0.4234,0.4848,0.2883,0.718,0.4559,S3,Estabilidad,Moderada
2016-03,M12,Arte y recreación,6.3407,7.98,6.0,-2.1402,,7.98,True,0.4054,0.1818,0.2613,0.718,0.3676,S4,Decrecimiento,Media
2016-04,M12,Arte y recreación,6.3528,7.93,6.0,0.5229,,7.93,True,0.4144,0.3939,0.2703,0.718,0.426,S3,Estabilidad,Moderada
2016-05,M12,Arte y recreación,6.4605,8.2,6.9677,-10.8297,,8.2,True,0.4414,0.0,0.2342,0.6634,0.3229,S4,Decrecimiento,Media
2016-06,M12,Arte y recreación,6.4455,8.6,7.0,-3.9414,,8.6,True,0.4324,0.1111,0.2072,0.6543,0.3403,S4,Decrecimiento,Media
2016-07,M12,Arte y recreación,6.1337,8.97,7.0,-9.0865,,8.97,True,0.3964,0.0303,0.1982,0.6543,0.3039,S4,Decrecimiento,Media
2016-08,M12,Arte y recreación,5.9712,8.1,7.0,-0.6347,,8.1,True,0.3784,0.3131,0.2432,0.6543,0.3764,S4,Decrecimiento,Media
2016-09,M12,Arte y recreación,6.055,7.27,7.0,-1.6432,,7.27,True,0.3874,0.2121,0.3153,0.6543,0.3692,S4,Decrecimiento,Media
2016-10,M12,Arte y recreación,5.8945,6.48,7.0,-9.537,,6.48,True,0.3604,0.0202,0.3784,0.6543,0.323,S4,Decrecimiento,Media
2016-11,M12,Arte y recreación,5.7209,5.96,7.0,-0.7739,,5.96,True,0.3423,0.2929,0.4054,0.6543,0.3894,S4,Decrecimiento,Media
2016-12,M12,Arte y recreación,5.5421,5.75,7.0,10.8384,,5.75,True,0.3243,0.8485,0.4324,0.6543,0.5265,S3,Estabilidad,Moderada
2017-01,M12,Arte y recreación,3.2955,5.47,7.0,3.9179,,5.47,True,0.2252,0.6061,0.4595,0.6543,0.4316,S3,Estabilidad,Moderada
2017-02,M12,Arte y recreación,4.1469,5.18,7.0,-0.8214,,5.18,True,0.3063,0.2828,0.5586,0.6543,0.4031,S3,Estabilidad,Moderada
2017-03,M12,Arte y recreación,3.4017,4.69,7.0,-1.4587,,4.69,True,0.2432,0.2222,0.6396,0.6543,0.3789,S4,Decrecimiento,Media
2017-04,M12,Arte y recreación,2.6444,4.66,7.0,-0.1108,,4.66,True,0.2072,0.3434,0.6486,0.6543,0.3966,S4,Decrecimiento,Media
2017-05,M12,Arte y recreación,2.4973,4.37,7.0,-4.5723,,4.37,True,0.1982,0.101,0.7027,0.6543,0.3432,S4,Decrecimiento,Media
2017-06,M12,Arte y recreación,2.3442,3.99,7.0,9.6286,,3.99,True,0.1622,0.7677,0.7477,0.6543,0.5045,S3,Estabilidad,Moderada
2017-07,M12,Arte y recreación,2.4007,3.4,7.0,4.4915,,3.4,True,0.1892,0.6162,0.8559,0.6543,0.4991,S3,Estabilidad,Moderada
2017-08,M12,Arte y recreación,2.3852,3.87,7.0,-4.7128,,3.87,True,0.1802,0.0909,0.7658,0.6543,0.3461,S4,Decrecimiento,Media
2017-09,M12,Arte y recreación,2.0779,3.97,7.0,1.6491,,3.97,True,0.1261,0.4646,0.7568,0.6543,0.4161,S3,Estabilidad,Moderada
2017-10,M12,Arte y recreación,2.052,4.05,6.871,-1.093,,4.05,True,0.1171,0.2323,0.7387,0.6725,0.3535,S4,Decrecimiento,Media
2017-11,M12,Arte y recreación,1.9781,4.12,5.0,0.6724,,4.12,True,0.1081,0.4242,0.7207,0.9727,0.4393,S3,Estabilidad,Moderada
2017-12,M12,Arte y recreación,2.1064,4.09,5.0,-0.945,,4.09,True,0.1351,0.2525,0.7297,0.9727,0.409,S3,Estabilidad,Moderada
2018-01,M12,Arte y recreación,0.2867,3.68,5.0,-1.8281,,3.68,True,0.0541,0.202,0.8378,0.9727,0.3856,S4,Decrecimiento,Media
2018-02,M12,Arte y recreación,-1.9606,3.37,5.0,-5.6581,,3.37,True,0.0,0.0606,0.8649,0.9727,0.334,S4,Decrecimiento,Media
2018-03,M12,Arte y recreación,-1.9467,3.14,5.0,3.6988,,3.14,True,0.009,0.5859,0.964,0.9727,0.4888,S3,Estabilidad,Moderada
2018-04,M12,Arte y recreación,-1.1795,3.13,5.0,-0.8546,,3.13,True,0.018,0.2626,0.973,0.9727,0.4134,S3,Estabilidad,Moderada
2018-05,M12,Arte y recreación,-0.7365,3.16,5.0,9.8789,,3.16,True,0.027,0.798,0.9459,0.9727,0.5454,S3,Estabilidad,Moderada
2018-06,M12,Arte y recreación,-0.1493,3.2,5.0,-3.05,,3.2,True,0.036,0.1515,0.9279,0.9727,0.3838,S4,Decrecimiento,Media
2018-07,M12,Arte y recreación,-0.022,3.12,5.0,7.5456,,3.12,True,0.045,0.7071,0.982,0.9727,0.5371,S3,Estabilidad,Moderada
2018-08,M12,Arte y recreación,0.3719,3.1,5.0,5.4789,,3.1,True,0.0631,0.6566,0.991,0.9727,0.5335,S3,Estabilidad,Moderada
2018-09,M12,Arte y recreación,0.6319,3.23,5.0,2.8986,,3.23,True,0.0721,0.5556,0.9099,0.9727,0.4956,S3,Estabilidad,Moderada
2018-10,M12,Arte y recreación,1.2335,3.33,5.0,-0.276,,3.33,True,0.0901,0.3333,0.8739,0.9727,0.4401,S3,Estabilidad,Moderada
2018-11,M12,Arte y recreación,1.7452,3.27,5.0,4.8877,,3.27,True,0.0991,0.6263,0.8919,0.9727,0.5205,S3,Estabilidad,Moderada
2018-12,M12,Arte y recreación,2.2927,3.18,5.0,1.1334,,3.18,True,0.1532,0.4343,0.9369,0.9727,0.5031,S3,Estabilidad,Moderada
2019-01,M12,Arte y recreación,10.1412,3.15,5.0,9.4368,,3.15,True,0.6036,0.7576,0.955,0.9727,0.7677,S2,Crecimiento,Moderada
2019-02,M12,Arte y recreación,10.6314,3.01,5.0,11.7734,,3.01,True,0.6216,0.8687,1.0,0.9727,0.8117,S1,Aceleración,Baja
2019-03,M12,Arte y recreación,12.5462,3.21,5.0,9.8175,,3.21,True,0.6847,0.7778,0.9189,0.9727,0.798,S2,Crecimiento,Moderada
2019-04,M12,Arte y recreación,13.2381,3.25,5.0,6.2119,,3.25,True,0.7207,0.6869,0.9009,0.9727,0.7861,S2,Crecimiento,Moderada
2019-05,M12,Arte y recreación,13.6189,3.31,5.0,-8.2206,,3.31,True,0.7568,0.0505,0.8829,0.9727,0.6378,S2,Crecimiento,Moderada
2019-06,M12,Arte y recreación,13.5533,3.43,5.0,7.7419,,3.43,True,0.7477,0.7273,0.8468,0.9727,0.7962,S2,Crecimiento,Moderada
2019-07,M12,Arte y recreación,13.8456,3.79,5.0,2.1919,,3.79,True,0.7928,0.5354,0.8198,0.9727,0.7608,S2,Crecimiento,Moderada
2019-08,M12,Arte y recreación,13.6406,3.75,5.0,2.0772,,3.75,True,0.7658,0.5253,0.8288,0.9727,0.7493,S2,Crecimiento,Moderada
2019-09,M12,Arte y recreación,13.367,3.82,5.0,-3.9388,,3.82,True,0.7297,0.1212,0.8018,0.9727,0.6284,S2,Crecimiento,Moderada
2019-10,M12,Arte y recreación,13.6534,3.86,5.0,9.8255,,3.86,True,0.7748,0.7879,0.7748,0.9727,0.8078,S1,Aceleración,Baja
2019-11,M12,Arte y recreación,13.4872,3.84,5.0,-8.2366,,3.84,True,0.7387,0.0404,0.7838,0.9727,0.6082,S2,Crecimiento,Moderada
2019-12,M12,Arte y recreación,13.037,3.8,5.0,-2.2106,,3.8,True,0.7117,0.1717,0.8108,0.9727,0.6357,S2,Crecimiento,Moderada
2020-01,M12,Arte y recreación,8.6879,3.62,5.0,-1.0387,,3.62,True,0.4865,0.2424,0.8378,0.9727,0.5687,S3,Estabilidad,Moderada
2020-02,M12,Arte y recreación,11.8312,3.72,5.0,-2.639,,3.72,True,0.6847,0.1616,0.8288,0.9727,0.6259,S2,Crecimiento,Moderada
2020-03,M12,Arte y recreación,3.8297,3.86,5.0,-19.925436701034876,,3.86,True,0.2793,0.0,0.7748,0.9727,0.4126,S3,Estabilidad,Moderada
2020-04,M12,Arte y recreación,-7.2909,3.51,5.0,-19.925436701034876,,3.51,True,0.0,0.0,0.8378,0.9727,0.3135,S4,Decrecimiento,Media
2020-05,M12,Arte y recreación,-13.2562,2.85,5.0,-19.925436701034876,,2.85,True,0.0,0.0,1.0,0.9727,0.3459,S4,Decrecimiento,Media
2020-06,M12,Arte y recreación,-15.5823,2.19,5.0,-19.925436701034876,,2.19,True,0.0,0.0,1.0,0.9727,0.3459,S4,Decrecimiento,Media
2020-07,M12,Arte y recreación,-16.0732,1.97,5.0,-19.925436701034876,,1.97,True,0.0,0.0,1.0,0.9727,0.3459,S4,Decrecimiento,Media
2020-08,M12,Arte y recreación,-15.3093,1.88,5.0,-18.9621,,1.88,True,0.0,0.0,1.0,0.9727,0.3459,S4,Decrecimiento,Media
2020-09,M12,Arte y recreación,-14.1029,1.97,2.0,-13.2245,,1.97,True,0.0,0.0,1.0,1.0,0.35,S4,Decrecimiento,Media
2020-10,M12,Arte y recreación,-13.6699,1.75,2.0,-9.3455,,1.75,True,0.0,0.0303,1.0,1.0,0.3576,S4,Decrecimiento,Media
2020-11,M12,Arte y recreación,-12.7539,1.49,2.0,-9.0534,,1.49,True,0.0,0.0404,1.0,1.0,0.3601,S4,Decrecimiento,Media
2020-12,M12,Arte y recreación,-11.7871,1.61,2.0,-15.5524,,1.61,True,0.0,0.0,1.0,1.0,0.35,S4,Decrecimiento,Media
2021-01,M12,Arte y recreación,3.2123,1.6,2.0,-19.925436701034876,,1.6,True,0.2252,0.0,1.0,1.0,0.4401,S3,Estabilidad,Moderada
2021-02,M12,Arte y recreación,0.6545,1.56,2.0,-15.002,,1.56,True,0.0811,0.0,1.0,1.0,0.3824,S4,Decrecimiento,Media
2021-03,M12,Arte y recreación,9.1037,1.51,2.0,-1.6556,,1.51,True,0.4955,0.2121,1.0,1.0,0.6012,S2,Crecimiento,Moderada
2021-04,M12,Arte y recreación,21.9682,1.95,2.0,20.9693,,1.95,True,0.8919,0.9697,1.0,1.0,0.9492,S1,Aceleración,Baja
2021-05,M12,Arte y recreación,31.148,3.3,2.0,17.4857,,3.3,True,1.0,0.9596,0.8829,1.0,0.9665,S1,Aceleración,Baja
2021-06,M12,Arte y recreación,35.8519,3.63,2.0,6.1914,,3.63,True,1.0,0.6869,0.8378,1.0,0.8893,S1,Aceleración,Baja
2021-07,M12,Arte y recreación,37.379,3.97,2.0,7.2488,,3.97,True,1.0,0.7071,0.7568,1.0,0.8781,S1,Aceleración,Baja
2021-08,M12,Arte y recreación,35.5571,4.44,2.0,3.9,,4.44,True,1.0,0.6061,0.6757,1.0,0.8367,S1,Aceleración,Baja
2021-09,M12,Arte y recreación,35.4529,4.51,2.0,-2.1491,,4.51,True,1.0,0.1818,0.6667,1.0,0.7288,S2,Crecimiento,Moderada
2021-10,M12,Arte y recreación,34.8759,4.58,2.0,-10.4975,,4.58,True,1.0,0.0101,0.6577,1.0,0.6841,S2,Crecimiento,Moderada
2021-11,M12,Arte y recreación,34.3046,5.26,2.0,3.5322,,5.26,True,1.0,0.5859,0.5135,1.0,0.7992,S2,Crecimiento,Moderada
2021-12,M12,Arte y recreación,34.4261,5.62,2.3871,10.1191,,5.62,True,1.0,0.8384,0.4324,1.0,0.8461,S1,Aceleración,Baja
2022-01,M12,Arte y recreación,29.3354,6.94,3.0323,7.9371,,6.94,True,0.982,0.7374,0.3514,1.0,0.7974,S2,Crecimiento,Moderada
2022-02,M12,Arte y recreación,27.9902,8.01,4.0,14.3602,,8.01,True,0.9279,0.9293,0.2523,0.9909,0.8026,S1,Aceleración,Baja
2022-03,M12,Arte y recreación,30.2782,8.53,4.0,10.1123,,8.53,True,0.991,0.8283,0.2162,0.9909,0.7954,S2,Crecimiento,Moderada
2022-04,M12,Arte y recreación,28.5463,9.23,5.0,25.1108,,9.23,True,0.955,0.9697,0.1802,0.9727,0.8064,S1,Aceleración,Baja
2022-05,M12,Arte y recreación,28.9258,9.07,5.9677,25.3825,,9.07,True,0.964,0.9798,0.1892,0.7271,0.7775,S2,Crecimiento,Moderada
2022-06,M12,Arte y recreación,26.7941,9.67,6.0,27.088432660630836,,9.67,True,0.9189,0.9899,0.1622,0.718,0.7552,S2,Crecimiento,Moderada
2022-07,M12,Arte y recreación,24.6564,10.21,6.0,14.0319,,10.21,True,0.8919,0.9192,0.1441,0.718,0.7231,S2,Crecimiento,Moderada
2022-08,M12,Arte y recreación,24.9792,10.84,9.0,12.4341,,10.84,True,0.9009,0.8788,0.1261,0.5087,0.6816,S2,Crecimiento,Moderada
2022-09,M12,Arte y recreación,26.6218,11.44,9.0333,15.7531,,11.44,True,0.9099,0.9394,0.0991,0.4996,0.6936,S2,Crecimiento,Moderada
2022-10,M12,Arte y recreación,28.5185,12.22,10.0323,16.7496,,12.22,True,0.9459,0.9495,0.0721,0.4905,0.7037,S2,Crecimiento,Moderada
2022-11,M12,Arte y recreación,29.128,12.53,11.0,20.8294,,12.53,True,0.973,0.9596,0.0541,0.4814,0.7121,S2,Crecimiento,Moderada
2022-12,M12,Arte y recreación,28.109,13.12,11.4194,10.9689,,13.12,True,0.9369,0.8586,0.036,0.4723,0.6675,S2,Crecimiento,Moderada
2023-01,M12,Arte y recreación,14.8308,13.25,12.0,12.4842,,13.25,True,0.8468,0.8889,0.027,0.4632,0.6358,S2,Crecimiento,Moderada
2023-02,M12,Arte y recreación,15.0652,13.28,12.0,1.3247,,13.28,True,0.8559,0.4545,0.018,0.4632,0.5291,S3,Estabilidad,Moderada
2023-03,M12,Arte y recreación,14.8136,13.34,12.0323,10.3281,,13.34,True,0.8378,0.8384,0.009,0.445,0.6133,S2,Crecimiento,Moderada
2023-04,M12,Arte y recreación,16.31,12.82,13.0,3.2537,,12.82,True,0.8829,0.5657,0.045,0.4359,0.569,S3,Estabilidad,Moderada
2023-05,M12,Arte y recreación,14.2306,12.36,13.0,-10.0221,,12.36,True,0.8198,0.0101,0.0631,0.4359,0.4084,S3,Estabilidad,Moderada
2023-06,M12,Arte y recreación,13.9252,12.13,13.0,5.4647,,12.13,True,0.8018,0.6465,0.0811,0.4359,0.5639,S3,Estabilidad,Moderada
2023-07,M12,Arte y recreación,13.7791,11.78,13.0,12.5314,,11.78,True,0.7838,0.899,0.0901,0.4359,0.6217,S2,Crecimiento,Moderada
2023-08,M12,Arte y recreación,14.3682,11.43,13.0,6.8529,,11.43,True,0.8288,0.697,0.1081,0.4359,0.5928,S3,Estabilidad,Moderada
2023-09,M12,Arte y recreación,12.9616,10.99,13.0,8.5212,,10.99,True,0.7027,0.7475,0.1171,0.4359,0.5568,S3,Estabilidad,Moderada
2023-10,M12,Arte y recreación,10.6953,10.48,13.0,0.3999,,10.48,True,0.6396,0.3636,0.1351,0.4359,0.4391,S3,Estabilidad,Moderada
2023-11,M12,Arte y recreación,11.0846,10.15,13.0,0.6236,,10.15,True,0.6577,0.4141,0.1532,0.4359,0.4626,S3,Estabilidad,Moderada
2023-12,M12,Arte y recreación,10.3779,9.28,13.0,-0.8419,,9.28,True,0.6126,0.2727,0.1712,0.4359,0.4128,S3,Estabilidad,Moderada
2024-01,M12,Arte y recreación,8.8974,8.35,13.0,5.9248,,8.35,True,0.4865,0.6768,0.2252,0.4359,0.4742,S3,Estabilidad,Moderada
2024-02,M12,Arte y recreación,9.2691,7.74,13.0,7.5618,,7.74,True,0.4955,0.7172,0.2793,0.4359,0.4987,S3,Estabilidad,Moderada
2024-03,M12,Arte y recreación,5.9509,7.36,13.0,-0.9482,,7.36,True,0.3694,0.2424,0.3063,0.4359,0.335,S4,Decrecimiento,Media
2024-04,M12,Arte y recreación,5.593,7.16,13.0,0.4051,,7.16,True,0.3333,0.3737,0.3423,0.4359,0.3606,S4,Decrecimiento,Media
2024-05,M12,Arte y recreación,6.5099,7.16,13.0,13.0978,,7.16,True,0.4505,0.9091,0.3423,0.4359,0.5413,S3,Estabilidad,Moderada
2024-06,M12,Arte y recreación,8.4975,7.18,13.0,-5.2046,,7.18,True,0.4775,0.0808,0.3243,0.4359,0.3414,S4,Decrecimiento,Media
2024-07,M12,Arte y recreación,11.1626,6.86,13.0,-0.3076,,6.86,True,0.6667,0.3232,0.3604,0.4359,0.4849,S3,Estabilidad,Moderada
2024-08,M12,Arte y recreación,10.7513,6.12,13.0,9.9547,,6.12,True,0.6486,0.8182,0.3964,0.4359,0.6087,S2,Crecimiento,Moderada
2024-09,M12,Arte y recreación,9.6867,5.81,13.0,0.5459,,5.81,True,0.5315,0.404,0.4234,0.4359,0.4637,S3,Estabilidad,Moderada
2024-10,M12,Arte y recreación,9.4445,5.41,13.0,3.2564,,5.41,True,0.5135,0.5758,0.4685,0.4359,0.5084,S3,Estabilidad,Moderada
2024-11,M12,Arte y recreación,7.6736,5.2,13.0,1.8599,,5.2,True,0.4595,0.4949,0.5405,0.4359,0.481,S3,Estabilidad,Moderada
2024-12,M12,Arte y recreación,8.1919,5.2,13.0,2.3991,,5.2,True,0.4685,0.5455,0.5405,0.4359,0.4973,S3,Estabilidad,Moderada
2025-01,M12,Arte y recreación,10.641,5.22,13.0,1.1774,,5.22,True,0.6306,0.4444,0.5225,0.4359,0.5332,S3,Estabilidad,Moderada
2025-02,M12,Arte y recreación,15.5809,5.28,13.0,-5.5781,,5.28,True,0.8739,0.0707,0.5135,0.4359,0.5353,S3,Estabilidad,Moderada
2025-03,M12,Arte y recreación,15.1255,5.09,13.0,5.2905,,5.09,True,0.8649,0.6364,0.5946,0.4359,0.6894,S2,Crecimiento,Moderada
2025-04,M12,Arte y recreación,14.2264,5.16,13.0,1.9155,,5.16,True,0.8108,0.5051,0.5676,0.4359,0.6295,S2,Crecimiento,Moderada
2025-05,M12,Arte y recreación,12.6444,5.05,13.0,0.2316,,5.05,True,0.6937,0.3535,0.6036,0.4359,0.552,S3,Estabilidad,Moderada
2025-06,M12,Arte y recreación,11.4413,4.82,13.0,-3.5424,,4.82,True,0.6757,0.1414,0.6216,0.4359,0.4953,S3,Estabilidad,Moderada
2025-07,M12,Arte y recreación,9.9432,4.9,13.0,1.6971,,4.9,True,0.5856,0.4747,0.6126,0.4359,0.5408,S3,Estabilidad,Moderada
2025-08,M12,Arte y recreación,9.5486,5.1,13.0,-2.6252,,5.1,True,0.5225,0.1616,0.5856,0.4359,0.4319,S3,Estabilidad,Moderada
2025-09,M12,Arte y recreación,9.4012,5.18,13.0,0.469,,5.18,True,0.5045,0.3838,0.5586,0.4359,0.4749,S3,Estabilidad,Moderada
2025-10,M12,Arte y recreación,9.717,5.51,13.0,-3.6242,,5.51,True,0.5405,0.1313,0.4505,0.4359,0.4045,S3,Estabilidad,Moderada
2025-11,M12,Arte y recreación,10.0783,5.3,13.0,3.8495,,5.3,True,0.5946,0.596,0.4955,0.4359,0.5513,S3,Estabilidad,Moderada
2025-12,M12,Arte y recreación,9.8936,5.1,13.0,5.6988,,5.1,True,0.5495,0.6667,0.5856,0.4359,0.569,S3,Estabilidad,Moderada
2026-01,M12,Arte y recreación,9.8936,5.35,13.0,-2.0458,,5.35,False,0.5495,0.1919,0.4865,0.4359,0.4305,S3,Estabilidad,Moderada
2026-02,M12,Arte y recreación,9.8936,5.29,13.0,9.9519,,5.29,False,0.5495,0.8081,0.5045,0.4359,0.5881,S3,Estabilidad,Moderada
2026-03,M12,Arte y recreación,9.8936,5.56,13.0,1.9909,,5.56,False,0.5495,0.5152,0.4414,0.4359,0.5023,S3,Estabilidad,Moderada
